172401351;1011;20260106;1200;CANCELADA
172401351;10110;20260110;1000;PENDIENTE
172401351;10110;20260115;1200;CANCELADA
172401351;10110;20260118;1600;PENDIENTE
172401361;11001;20260120;0900;CANCELADA
1720000164;1015;20240126;1200;PENDIENTE
1720000036;1095;20240414;0900;PENDIENTE
1720000009;1004;20240405;1100;PENDIENTE
1720000155;1004;20250728;1100;PENDIENTE
1720000180;1070;20250305;1130;PENDIENTE
1720000072;1001;20240612;1530;PENDIENTE
1720000040;1028;20241210;0930;PENDIENTE
1720000025;1046;20241218;1200;PENDIENTE
1720000187;1059;20250703;0930;CANCELADA
1720000097;1011;20250719;1230;PENDIENTE
1720000159;1047;20240715;0900;PENDIENTE
1720000059;1099;20241023;0900;CANCELADA
1720000026;1049;20241011;1600;PENDIENTE
1720000094;1021;20250114;1430;PENDIENTE
1720000069;1090;20240314;1030;PENDIENTE
1720000063;1021;20250418;1500;PENDIENTE
1720000164;1089;20250724;1130;PENDIENTE
1720000197;1100;20240227;1130;PENDIENTE
1720000081;1052;20241001;0900;PENDIENTE
1720000146;1092;20241118;1100;PENDIENTE
1720000102;1083;20250414;1000;PENDIENTE
1720000064;1096;20250728;1200;PENDIENTE
1720000110;1075;20250212;1430;PENDIENTE
1720000036;1066;20250520;0900;PENDIENTE
1720000029;1020;20240612;1530;PENDIENTE
1720000099;1049;20250424;1200;CANCELADA
1720000003;1088;20240427;1200;PENDIENTE
1720000088;1015;20241027;1530;PENDIENTE
1720000001;1093;20240926;1030;PENDIENTE
1720000028;1081;20241101;1100;PENDIENTE
1720000196;1021;20250706;0800;PENDIENTE
1720000126;1003;20240424;1430;CANCELADA
1720000079;1031;20240229;1130;CANCELADA
1720000021;1011;20250512;0900;CANCELADA
1720000137;1099;20240508;1000;PENDIENTE
1720000141;1022;20240928;1530;CANCELADA
1720000139;1097;20240724;1230;PENDIENTE
1720000172;1084;20250117;1600;CANCELADA
1720000116;1016;20240910;1130;PENDIENTE
1720000006;1076;20250721;1130;PENDIENTE
1720000002;1010;20240301;1130;PENDIENTE
1720000009;1043;20240313;1130;PENDIENTE
1720000125;1028;20250706;1000;PENDIENTE
1720000147;1074;20250429;1130;PENDIENTE
1720000105;1025;20240406;0930;PENDIENTE
1720000091;1055;20250224;1600;CANCELADA
1720000014;1087;20240410;0830;PENDIENTE
1720000087;1014;20240911;1100;PENDIENTE
1720000115;1018;20250308;1030;PENDIENTE
1720000064;1010;20250329;0930;PENDIENTE
1720000139;1002;20240405;1130;PENDIENTE
1720000125;1062;20240806;1500;CANCELADA
1720000043;1049;20240103;1500;PENDIENTE
1720000117;1037;20250309;1630;PENDIENTE
1720000076;1028;20240229;0830;PENDIENTE
1720000015;1007;20250503;1030;PENDIENTE
1720000131;1011;20240709;0900;PENDIENTE
1720000173;1031;20250217;0930;CANCELADA
1720000146;1032;20240210;0900;PENDIENTE
1720000150;1073;20250619;1400;CANCELADA
1720000053;1086;20241117;1130;PENDIENTE
1720000034;1086;20241103;1600;PENDIENTE
1720000193;1010;20240110;1600;PENDIENTE
1720000145;1013;20240316;1100;PENDIENTE
1720000034;1045;20240311;1130;PENDIENTE
1720000041;1057;20250710;1230;PENDIENTE
1720000168;1068;20240109;1230;CANCELADA
1720000027;1018;20240927;0930;CANCELADA
1720000191;1071;20240608;1200;PENDIENTE
1720000054;1092;20241217;1100;PENDIENTE
1720000068;1065;20250515;1200;CANCELADA
1720000014;1012;20250309;1200;PENDIENTE
1720000086;1099;20240513;1200;PENDIENTE
1720000114;1071;20250313;0800;PENDIENTE
1720000177;1020;20250712;0830;PENDIENTE
1720000150;1071;20240531;1530;PENDIENTE
1720000079;1047;20240210;1430;PENDIENTE
1720000064;1086;20240415;1430;PENDIENTE
1720000105;1080;20240607;1130;CANCELADA
1720000046;1053;20240126;1030;PENDIENTE
1720000086;1053;20240911;1200;PENDIENTE
1720000180;1014;20250126;0830;CANCELADA
1720000057;1026;20250416;1430;PENDIENTE
1720000059;1029;20240125;1100;PENDIENTE
1720000072;1009;20241012;1430;PENDIENTE
1720000103;1087;20250703;1400;CANCELADA
1720000030;1034;20240701;1200;PENDIENTE
1720000153;1056;20241219;1400;PENDIENTE
1720000131;1015;20250129;1100;PENDIENTE
1720000182;1056;20240102;1100;PENDIENTE
1720000018;1086;20241204;1400;PENDIENTE
1720000032;1093;20241103;1230;PENDIENTE
1720000084;1052;20241029;1000;PENDIENTE
1720000171;1049;20240627;1230;PENDIENTE
1720000001;1039;20241020;1100;PENDIENTE
1720000149;1078;20241125;1600;PENDIENTE
1720000173;1028;20250607;1630;PENDIENTE
1720000189;1022;20240327;1230;PENDIENTE
1720000163;1080;20241209;0900;PENDIENTE
1720000193;1031;20241113;1130;PENDIENTE
1720000038;1004;20240217;1130;CANCELADA
1720000157;1099;20240315;1600;PENDIENTE
1720000162;1074;20240718;1500;PENDIENTE
1720000063;1019;20240106;0930;PENDIENTE
1720000057;1023;20250614;1600;PENDIENTE
1720000064;1016;20250412;1000;PENDIENTE
1720000171;1068;20250726;1400;CANCELADA
1720000114;1079;20250531;1530;PENDIENTE
1720000141;1058;20240611;1630;PENDIENTE
1720000193;1032;20241010;1630;PENDIENTE
1720000071;1057;20240320;1230;PENDIENTE
1720000086;1041;20250707;0900;PENDIENTE
1720000060;1050;20240605;1100;PENDIENTE
1720000105;1043;20250709;1600;PENDIENTE
1720000053;1054;20250202;0800;CANCELADA
1720000196;1074;20250124;1630;PENDIENTE
1720000091;1039;20250203;1530;PENDIENTE
1720000189;1070;20240813;1630;PENDIENTE
1720000112;1063;20240130;1500;PENDIENTE
1720000174;1052;20240618;1600;CANCELADA
1720000160;1069;20240128;1500;PENDIENTE
1720000170;1004;20240326;1530;PENDIENTE
1720000119;1024;20240221;1200;PENDIENTE
1720000055;1059;20241130;1400;PENDIENTE
1720000098;1036;20250307;1200;PENDIENTE
1720000121;1003;20250706;0830;CANCELADA
1720000090;1029;20240311;0830;PENDIENTE
1720000064;1026;20240121;1000;PENDIENTE
1720000122;1086;20240427;1100;PENDIENTE
1720000066;1099;20250112;1030;PENDIENTE
1720000192;1092;20240427;1030;CANCELADA
1720000028;1075;20240127;1230;PENDIENTE
1720000097;1051;20240722;0900;PENDIENTE
1720000161;1032;20240414;1230;CANCELADA
1720000154;1016;20240212;1430;PENDIENTE
1720000170;1048;20240311;1400;PENDIENTE
1720000108;1063;20240418;1530;CANCELADA
1720000163;1059;20240605;1530;PENDIENTE
1720000134;1084;20241003;1630;PENDIENTE
1720000188;1076;20241001;1400;CANCELADA
1720000023;1036;20250406;1130;PENDIENTE
1720000146;1079;20250123;1400;PENDIENTE
1720000084;1024;20250514;1100;PENDIENTE
1720000067;1044;20241013;1200;PENDIENTE
1720000133;1025;20240328;1130;PENDIENTE
1720000126;1072;20240903;1630;PENDIENTE
1720000126;1058;20240118;0900;PENDIENTE
1720000104;1089;20240906;1230;PENDIENTE
1720000095;1061;20250720;1430;PENDIENTE
1720000191;1071;20241204;1430;PENDIENTE
1720000070;1040;20240914;1130;PENDIENTE
1720000050;1041;20240502;1030;PENDIENTE
1720000190;1062;20241010;1230;CANCELADA
1720000050;1038;20240820;1430;PENDIENTE
1720000004;1091;20250630;1000;PENDIENTE
1720000014;1071;20241026;1000;PENDIENTE
1720000193;1063;20240415;0800;PENDIENTE
1720000121;1062;20250327;1400;PENDIENTE
1720000014;1033;20250504;0930;PENDIENTE
1720000103;1063;20240316;0830;PENDIENTE
1720000145;1039;20240328;1130;PENDIENTE
1720000196;1054;20240819;1500;PENDIENTE
1720000114;1039;20250315;1230;PENDIENTE
1720000016;1079;20240411;1100;PENDIENTE
1720000068;1085;20240324;1030;PENDIENTE
1720000142;1010;20240609;0800;PENDIENTE
1720000177;1077;20250426;1230;PENDIENTE
1720000074;1091;20241016;1600;PENDIENTE
1720000060;1034;20240721;1530;PENDIENTE
1720000058;1083;20240601;1200;PENDIENTE
1720000019;1008;20240618;1230;PENDIENTE
1720000146;1037;20250325;0930;PENDIENTE
1720000078;1090;20250216;1200;PENDIENTE
1720000127;1057;20240323;0830;CANCELADA
1720000189;1042;20240913;0800;PENDIENTE
1720000173;1074;20240122;1200;PENDIENTE
1720000196;1097;20240628;1630;PENDIENTE
1720000114;1036;20240704;1530;PENDIENTE
1720000126;1012;20250426;1430;PENDIENTE
1720000083;1086;20240417;1030;PENDIENTE
1720000178;1064;20241022;1500;PENDIENTE
1720000141;1005;20250410;0900;PENDIENTE
1720000083;1015;20250217;0800;PENDIENTE
1720000139;1060;20250227;0830;PENDIENTE
1720000093;1080;20250525;1600;PENDIENTE
1720000053;1035;20250716;1000;CANCELADA
1720000113;1090;20250511;0930;PENDIENTE
1720000162;1078;20240902;1030;PENDIENTE
1720000004;1071;20250221;0900;PENDIENTE
1720000030;1060;20240430;1000;PENDIENTE
1720000184;1038;20250605;1200;PENDIENTE
1720000124;1061;20240906;1600;PENDIENTE
1720000099;1025;20250604;1000;CANCELADA
1720000071;1099;20250228;1400;CANCELADA
1720000130;1035;20240103;1230;PENDIENTE
1720000151;1075;20250516;1000;PENDIENTE
1720000124;1045;20241206;1500;PENDIENTE
1720000083;1025;20240901;1500;PENDIENTE
1720000199;1053;20240214;1400;PENDIENTE
1720000181;1049;20250130;1000;PENDIENTE
1720000010;1017;20250529;1400;CANCELADA
1720000113;1013;20250622;1600;PENDIENTE
1720000037;1053;20240607;0900;PENDIENTE
1720000068;1044;20250211;0900;CANCELADA
1720000173;1069;20250124;1400;PENDIENTE
1720000195;1063;20250708;0830;PENDIENTE
1720000061;1081;20241021;1130;PENDIENTE
1720000112;1013;20240412;1600;PENDIENTE
1720000077;1004;20240217;1400;PENDIENTE
1720000076;1046;20250118;1530;PENDIENTE
1720000136;1053;20240703;1030;PENDIENTE
1720000157;1049;20240903;1630;CANCELADA
1720000037;1030;20250417;1200;PENDIENTE
1720000171;1002;20250421;1230;PENDIENTE
1720000041;1010;20250328;1430;CANCELADA
1720000077;1082;20250310;1200;PENDIENTE
1720000078;1026;20250128;1630;PENDIENTE
1720000098;1074;20250102;1230;CANCELADA
1720000076;1003;20250209;1200;PENDIENTE
1720000176;1100;20240220;1630;PENDIENTE
1720000074;1100;20240823;1430;PENDIENTE
1720000049;1080;20240913;1000;PENDIENTE
1720000161;1083;20240210;1230;PENDIENTE
1720000009;1075;20250108;1000;PENDIENTE
1720000076;1042;20250301;1030;PENDIENTE
1720000139;1047;20250627;1200;PENDIENTE
1720000066;1062;20241029;1400;PENDIENTE
1720000120;1010;20240524;1130;CANCELADA
1720000186;1087;20250210;1430;PENDIENTE
1720000102;1002;20240927;0930;PENDIENTE
1720000173;1096;20240925;1500;PENDIENTE
1720000096;1014;20240827;1630;PENDIENTE
1720000144;1042;20240814;0900;PENDIENTE
1720000119;1090;20241105;1530;PENDIENTE
1720000012;1005;20241107;1630;PENDIENTE
1720000061;1069;20240518;1500;PENDIENTE
1720000172;1096;20250707;1530;PENDIENTE
1720000187;1020;20250228;0930;PENDIENTE
1720000158;1053;20241013;0830;PENDIENTE
1720000056;1057;20250331;1130;CANCELADA
1720000026;1088;20250111;1430;PENDIENTE
1720000071;1025;20240505;1600;PENDIENTE
1720000055;1083;20240122;0830;PENDIENTE
1720000063;1017;20250801;1100;PENDIENTE
1720000196;1071;20240731;1100;PENDIENTE
1720000060;1043;20240531;0800;PENDIENTE
1720000038;1017;20250707;1200;PENDIENTE
1720000029;1085;20240127;1000;PENDIENTE
1720000061;1076;20241127;0800;PENDIENTE
1720000014;1017;20250307;0930;PENDIENTE
1720000122;1058;20250105;0930;PENDIENTE
1720000057;1079;20240214;1230;PENDIENTE
1720000008;1008;20250505;1500;PENDIENTE
1720000028;1063;20250330;0900;CANCELADA
1720000083;1078;20240531;0900;PENDIENTE
1720000160;1082;20250715;1400;PENDIENTE
1720000153;1068;20241028;1600;PENDIENTE
1720000111;1013;20240427;1100;PENDIENTE
1720000059;1053;20241213;1600;PENDIENTE
1720000187;1013;20241116;1530;PENDIENTE
1720000066;1048;20240605;1630;PENDIENTE
1720000022;1012;20250318;0930;PENDIENTE
1720000096;1017;20250723;0830;PENDIENTE
1720000144;1072;20241203;0930;PENDIENTE
1720000171;1097;20250309;0830;CANCELADA
1720000154;1040;20241226;0930;PENDIENTE
1720000055;1020;20250508;1130;PENDIENTE
1720000090;1072;20250111;0930;PENDIENTE
1720000147;1029;20250315;0800;PENDIENTE
1720000169;1089;20240930;0800;PENDIENTE
1720000180;1098;20241112;1400;PENDIENTE
1720000047;1019;20250214;0900;PENDIENTE
1720000163;1004;20240403;1100;PENDIENTE
1720000117;1044;20240610;1430;PENDIENTE
1720000084;1100;20240327;0830;PENDIENTE
1720000194;1080;20240220;0900;PENDIENTE
1720000170;1055;20250512;1600;PENDIENTE
1720000056;1097;20250608;0930;PENDIENTE
1720000029;1037;20250513;1230;PENDIENTE
1720000102;1077;20240226;0800;PENDIENTE
1720000055;1099;20240520;1200;PENDIENTE
1720000031;1001;20250524;1530;PENDIENTE
1720000098;1069;20240823;1430;PENDIENTE
1720000190;1006;20250322;0800;PENDIENTE
1720000020;1041;20250315;1500;PENDIENTE
1720000107;1038;20240427;1500;PENDIENTE
1720000084;1022;20250416;1430;PENDIENTE
1720000028;1032;20250322;1500;PENDIENTE
1720000102;1040;20241213;1130;PENDIENTE
1720000044;1010;20250606;0930;PENDIENTE
1720000050;1100;20241223;1430;PENDIENTE
1720000166;1019;20240829;0930;PENDIENTE
1720000051;1023;20240605;0900;PENDIENTE
1720000198;1081;20250520;1600;PENDIENTE
1720000195;1075;20250404;1400;CANCELADA
1720000161;1041;20240603;1600;PENDIENTE
1720000114;1081;20241106;1200;PENDIENTE
1720000091;1065;20240316;1230;PENDIENTE
1720000010;1008;20250112;1230;PENDIENTE
1720000024;1079;20250603;1500;PENDIENTE
1720000142;1095;20240212;1600;CANCELADA
1720000147;1084;20240711;1400;PENDIENTE
1720000129;1020;20240304;1600;PENDIENTE
1720000088;1092;20240327;1030;PENDIENTE
1720000182;1057;20250325;1030;PENDIENTE
1720000073;1050;20250222;1400;PENDIENTE
1720000014;1081;20241208;0900;PENDIENTE
1720000143;1087;20250130;1230;PENDIENTE
1720000169;1078;20240602;1400;PENDIENTE
1720000170;1019;20241224;1230;CANCELADA
1720000179;1085;20250205;1000;PENDIENTE
1720000022;1040;20250726;1500;PENDIENTE
1720000085;1017;20250623;0900;PENDIENTE
1720000109;1066;20250105;0800;PENDIENTE
1720000047;1028;20241215;1630;PENDIENTE
1720000036;1020;20240320;1230;PENDIENTE
1720000026;1065;20250706;0830;PENDIENTE
1720000197;1080;20240514;1500;PENDIENTE
1720000047;1089;20240618;1600;PENDIENTE
1720000094;1087;20240831;1600;PENDIENTE
1720000193;1096;20250404;1130;PENDIENTE
1720000080;1061;20240717;1430;PENDIENTE
1720000147;1057;20250417;1230;PENDIENTE
1720000129;1068;20250304;1030;PENDIENTE
1720000155;1018;20240913;0830;PENDIENTE
1720000096;1071;20240415;0930;PENDIENTE
1720000196;1021;20241006;1600;CANCELADA
1720000038;1056;20240403;1130;PENDIENTE
1720000090;1004;20250228;0830;PENDIENTE
1720000096;1031;20250130;0900;PENDIENTE
1720000008;1041;20240411;1400;PENDIENTE
1720000036;1005;20241020;1630;PENDIENTE
1720000036;1098;20250425;1600;PENDIENTE
1720000021;1003;20240919;1100;PENDIENTE
1720000141;1094;20250624;1530;PENDIENTE
1720000074;1031;20241104;0930;PENDIENTE
1720000108;1082;20250413;0900;PENDIENTE
1720000128;1077;20250702;0800;PENDIENTE
1720000148;1031;20240527;1230;PENDIENTE
1720000158;1046;20240903;1530;PENDIENTE
1720000172;1011;20250620;1430;PENDIENTE
1720000135;1070;20250603;0800;PENDIENTE
1720000121;1006;20250131;1430;PENDIENTE
1720000005;1046;20240310;1430;PENDIENTE
1720000169;1081;20240416;1400;PENDIENTE
1720000091;1070;20241212;1030;PENDIENTE
1720000176;1060;20250505;1030;PENDIENTE
1720000017;1092;20250413;0830;PENDIENTE
1720000012;1026;20240212;1400;CANCELADA
1720000132;1051;20250710;1630;PENDIENTE
1720000193;1083;20240714;1230;PENDIENTE
1720000200;1007;20241205;1200;PENDIENTE
1720000095;1056;20250213;1600;CANCELADA
1720000099;1044;20240710;1630;PENDIENTE
1720000095;1067;20240930;0900;PENDIENTE
1720000021;1056;20240703;1230;PENDIENTE
1720000021;1042;20241029;1230;PENDIENTE
1720000184;1055;20240619;1600;PENDIENTE
1720000011;1094;20241227;1530;PENDIENTE
1720000015;1010;20250219;1430;PENDIENTE
1720000192;1087;20240612;0800;PENDIENTE
1720000156;1087;20250324;0830;PENDIENTE
1720000061;1100;20250110;1430;PENDIENTE
1720000146;1005;20240606;1600;CANCELADA
1720000096;1057;20240319;1000;PENDIENTE
1720000102;1041;20241012;1130;CANCELADA
1720000007;1095;20240709;1630;PENDIENTE
1720000144;1016;20240925;1200;PENDIENTE
1720000055;1079;20241019;1630;PENDIENTE
1720000035;1010;20250407;1030;CANCELADA
1720000114;1012;20241123;1430;PENDIENTE
1720000141;1070;20241024;1230;CANCELADA
1720000183;1091;20240627;1430;PENDIENTE
1720000032;1026;20240522;1130;PENDIENTE
1720000007;1047;20250721;1430;PENDIENTE
1720000142;1017;20240329;0900;PENDIENTE
1720000184;1093;20250505;1530;PENDIENTE
1720000148;1010;20240508;1400;PENDIENTE
1720000116;1060;20250613;1430;PENDIENTE
1720000200;1071;20240705;1000;PENDIENTE
1720000015;1016;20250614;1000;PENDIENTE
1720000042;1042;20240818;1430;CANCELADA
1720000133;1037;20240321;1200;PENDIENTE
1720000142;1036;20240508;1230;PENDIENTE
1720000024;1065;20240621;1000;PENDIENTE
1720000160;1093;20241211;0830;PENDIENTE
1720000008;1011;20240216;1200;PENDIENTE
1720000197;1074;20250302;0800;PENDIENTE
1720000161;1070;20241023;1230;PENDIENTE
1720000176;1052;20241031;1600;PENDIENTE
1720000016;1021;20250326;1530;PENDIENTE
1720000053;1044;20240527;1400;CANCELADA
1720000082;1094;20241219;1500;PENDIENTE
1720000095;1066;20250729;0930;PENDIENTE
1720000120;1016;20240930;1600;PENDIENTE
1720000025;1007;20241024;1500;CANCELADA
1720000108;1032;20240612;1400;CANCELADA
1720000185;1041;20240713;1030;PENDIENTE
1720000132;1060;20250525;1230;PENDIENTE
1720000024;1051;20250601;1600;CANCELADA
1720000056;1075;20241227;0830;PENDIENTE
1720000127;1077;20250426;1230;PENDIENTE
1720000028;1056;20240517;1200;PENDIENTE
1720000196;1052;20250109;0830;PENDIENTE
1720000146;1072;20240718;1430;PENDIENTE
1720000019;1050;20250531;1600;PENDIENTE
1720000072;1080;20240501;1000;CANCELADA
1720000101;1048;20241213;1430;PENDIENTE
1720000051;1078;20250605;1500;PENDIENTE
1720000012;1005;20240520;1400;PENDIENTE
1720000133;1059;20240601;1000;PENDIENTE
1720000157;1041;20240615;1500;CANCELADA
1720000190;1039;20241210;1630;PENDIENTE
1720000077;1061;20240118;1430;PENDIENTE
1720000029;1054;20241111;0800;PENDIENTE
1720000068;1084;20240821;0830;PENDIENTE
1720000044;1068;20250124;1000;PENDIENTE
1720000063;1005;20240422;1100;PENDIENTE
1720000081;1054;20240604;1530;PENDIENTE
1720000106;1065;20250427;0830;PENDIENTE
1720000133;1027;20250728;1400;CANCELADA
1720000123;1068;20250120;1400;CANCELADA
1720000118;1069;20241216;1430;PENDIENTE
1720000185;1088;20240927;1630;PENDIENTE
1720000064;1036;20250725;1230;PENDIENTE
1720000077;1099;20241022;1100;PENDIENTE
1720000126;1041;20250506;1430;PENDIENTE
1720000185;1036;20241021;0930;PENDIENTE
1720000140;1049;20250208;1430;CANCELADA
1720000038;1038;20240213;1230;CANCELADA
1720000021;1045;20250328;1200;PENDIENTE
1720000055;1026;20250705;1200;CANCELADA
1720000179;1035;20240520;0930;PENDIENTE
1720000151;1031;20240905;0830;PENDIENTE
1720000136;1029;20240826;0830;PENDIENTE
1720000085;1092;20250428;0930;PENDIENTE
1720000036;1001;20250717;1030;PENDIENTE
1720000122;1062;20240723;1230;PENDIENTE
1720000166;1008;20240401;1130;PENDIENTE
1720000186;1005;20240628;1530;CANCELADA
1720000046;1005;20250210;1630;PENDIENTE
1720000192;1038;20240208;0800;PENDIENTE
1720000155;1014;20241209;1230;PENDIENTE
1720000165;1070;20250620;1630;CANCELADA
1720000035;1065;20250424;1200;PENDIENTE
1720000029;1043;20240615;1600;PENDIENTE
1720000184;1024;20240115;1400;PENDIENTE
1720000146;1087;20240716;1030;PENDIENTE
1720000164;1052;20250313;1400;PENDIENTE
1720000172;1013;20240708;1000;PENDIENTE
1720000064;1001;20240924;1500;PENDIENTE
1720000193;1035;20241203;1230;PENDIENTE
1720000147;1002;20240924;1430;PENDIENTE
1720000016;1086;20240501;1600;PENDIENTE
1720000104;1088;20250529;1230;PENDIENTE
1720000164;1038;20250111;1130;PENDIENTE
1720000035;1062;20240605;1600;PENDIENTE
1720000156;1048;20250301;1630;PENDIENTE
1720000171;1028;20240910;0900;PENDIENTE
1720000136;1091;20250105;0900;CANCELADA
1720000029;1008;20250714;1100;PENDIENTE
1720000039;1022;20241201;1600;PENDIENTE
1720000053;1092;20250515;0900;CANCELADA
1720000115;1008;20250409;1000;PENDIENTE
1720000117;1073;20240229;1600;PENDIENTE
1720000079;1093;20240123;1500;PENDIENTE
1720000001;1096;20240811;0900;PENDIENTE
1720000089;1090;20240306;0830;CANCELADA
1720000018;1061;20240202;1230;PENDIENTE
1720000197;1018;20250306;1430;CANCELADA
1720000098;1058;20250121;1500;PENDIENTE
1720000170;1070;20240516;1430;PENDIENTE
1720000138;1051;20250625;1000;PENDIENTE
1720000058;1001;20240124;1230;PENDIENTE
1720000185;1070;20250310;1500;PENDIENTE
1720000064;1059;20241220;1000;PENDIENTE
1720000186;1098;20240425;0830;PENDIENTE
1720000108;1079;20240117;1130;PENDIENTE
1720000026;1077;20240204;1600;PENDIENTE
1720000181;1007;20240907;0830;PENDIENTE
1720000060;1070;20240810;0830;PENDIENTE
1720000075;1030;20241122;1400;PENDIENTE
1720000037;1085;20250617;1130;PENDIENTE
1720000071;1008;20250724;1030;PENDIENTE
1720000110;1072;20250522;0830;CANCELADA
1720000165;1086;20250125;1400;PENDIENTE
1720000105;1020;20241103;1500;PENDIENTE
1720000138;1061;20240903;1130;PENDIENTE
1720000182;1019;20250419;0830;PENDIENTE
1720000107;1072;20250626;1000;PENDIENTE
1720000066;1027;20241204;0900;CANCELADA
1720000095;1012;20250702;1100;PENDIENTE
1720000097;1087;20240210;0900;PENDIENTE
1720000195;1076;20250726;1100;PENDIENTE
1720000086;1039;20240116;1100;CANCELADA
1720000190;1016;20250505;1130;PENDIENTE
1720000181;1027;20250210;1130;PENDIENTE
1720000199;1037;20250124;1600;PENDIENTE
1720000092;1040;20240924;1430;PENDIENTE
1720000128;1060;20240410;1630;PENDIENTE
1720000082;1027;20250114;1400;PENDIENTE
1720000145;1029;20240529;0800;PENDIENTE
1720000150;1075;20250303;1230;PENDIENTE
1720000085;1030;20250123;1130;PENDIENTE
1720000168;1088;20241211;1200;PENDIENTE
1720000126;1093;20250517;1600;PENDIENTE
1720000091;1022;20240523;1630;PENDIENTE
1720000139;1083;20240301;0830;PENDIENTE
1720000020;1086;20240219;0800;PENDIENTE
1720000162;1030;20240310;1000;PENDIENTE
1720000130;1059;20250117;0830;PENDIENTE
1720000171;1079;20250509;1630;PENDIENTE
1720000137;1071;20250225;0800;PENDIENTE
1720000185;1036;20250702;1230;PENDIENTE
1720000179;1087;20250316;1030;PENDIENTE
1720000025;1068;20240601;1130;PENDIENTE
1720000135;1033;20241228;1200;PENDIENTE
1720000021;1048;20250219;1600;PENDIENTE
1720000179;1029;20241103;0900;PENDIENTE
1720000167;1098;20240202;0900;PENDIENTE
1720000097;1071;20250502;0830;PENDIENTE
1720000180;1022;20240325;1630;PENDIENTE
1720000166;1043;20240407;0830;PENDIENTE
1720000178;1073;20250501;1200;PENDIENTE
1720000020;1088;20241014;0830;PENDIENTE
1720000081;1003;20240731;1000;PENDIENTE
1720000183;1051;20240319;1230;PENDIENTE
1720000062;1073;20250202;1400;PENDIENTE
1720000190;1018;20240321;1430;PENDIENTE
1720000112;1030;20240318;1400;PENDIENTE
1720000158;1077;20250210;1400;PENDIENTE
1720000070;1058;20250517;1130;PENDIENTE
1720000097;1056;20240709;1500;PENDIENTE
1720000159;1038;20240909;0900;PENDIENTE
1720000040;1049;20240606;1500;PENDIENTE
1720000028;1012;20240106;1230;PENDIENTE
1720000195;1035;20240414;1000;PENDIENTE
1720000111;1058;20250724;1530;PENDIENTE
1720000023;1046;20250721;0900;PENDIENTE
1720000084;1050;20240113;1230;PENDIENTE
1720000200;1011;20250726;1130;PENDIENTE
1720000044;1088;20250124;1030;PENDIENTE
1720000078;1035;20250519;1000;PENDIENTE
1720000112;1036;20250307;1230;PENDIENTE
1720000020;1047;20240914;1130;PENDIENTE
1720000127;1077;20240719;1600;PENDIENTE
1720000078;1001;20250209;1400;PENDIENTE
1720000098;1043;20250326;1400;PENDIENTE
1720000167;1077;20240519;1230;PENDIENTE
1720000178;1026;20250505;1400;PENDIENTE
1720000102;1041;20241025;1630;CANCELADA
1720000063;1042;20250120;1200;PENDIENTE
1720000101;1047;20240426;1100;PENDIENTE
1720000140;1024;20250717;0800;CANCELADA
1720000119;1091;20240802;1600;PENDIENTE
1720000178;1009;20250222;1630;PENDIENTE
1720000078;1031;20240915;1000;PENDIENTE
1720000097;1010;20250404;1630;PENDIENTE
1720000137;1065;20250304;0830;PENDIENTE
1720000093;1090;20250703;0900;PENDIENTE
1720000064;1085;20241229;1030;PENDIENTE
1720000012;1073;20250213;1400;CANCELADA
1720000111;1014;20240111;0930;PENDIENTE
1720000131;1096;20250615;1130;PENDIENTE
1720000101;1060;20250527;1000;PENDIENTE
1720000007;1062;20240417;1230;PENDIENTE
1720000022;1015;20240525;1430;PENDIENTE
1720000117;1027;20250617;1630;PENDIENTE
1720000025;1057;20250408;1400;PENDIENTE
1720000012;1091;20240427;0800;PENDIENTE
1720000166;1014;20240617;1130;PENDIENTE
1720000142;1021;20241204;1530;CANCELADA
1720000060;1052;20240707;1030;PENDIENTE
1720000111;1051;20240130;1100;PENDIENTE
1720000110;1050;20240105;1100;PENDIENTE
1720000193;1091;20240305;0930;PENDIENTE
1720000138;1024;20250109;1400;PENDIENTE
1720000030;1034;20250516;1400;PENDIENTE
1720000157;1051;20240426;1430;PENDIENTE
1720000118;1080;20240625;1230;CANCELADA
1720000152;1011;20240517;1400;PENDIENTE
1720000079;1015;20240706;1430;PENDIENTE
1720000131;1050;20250304;1000;PENDIENTE
1720000109;1024;20250513;1030;PENDIENTE
1720000126;1037;20240523;1030;PENDIENTE
1720000116;1080;20240224;1430;CANCELADA
1720000125;1018;20240718;1500;CANCELADA
1720000130;1084;20250521;1530;PENDIENTE
1720000107;1091;20250330;1630;PENDIENTE
1720000145;1004;20240813;1230;PENDIENTE
1720000058;1069;20241022;1030;PENDIENTE
1720000145;1096;20250522;0930;PENDIENTE
1720000069;1100;20250710;1430;PENDIENTE
1720000194;1006;20250327;1100;CANCELADA
1720000027;1095;20240910;1230;CANCELADA
1720000009;1058;20240926;1430;CANCELADA
1720000023;1057;20240430;1130;PENDIENTE
1720000189;1076;20241225;1530;PENDIENTE
1720000036;1027;20240730;0830;PENDIENTE
1720000137;1036;20250705;1030;PENDIENTE
1720000181;1038;20241023;1200;CANCELADA
1720000132;1087;20240407;1000;CANCELADA
1720000106;1008;20241010;1000;PENDIENTE
1720000034;1032;20240529;1400;PENDIENTE
1720000195;1087;20250206;1630;PENDIENTE
1720000162;1035;20250228;1500;PENDIENTE
1720000163;1099;20240405;1500;PENDIENTE
1720000072;1089;20250112;1600;CANCELADA
1720000084;1075;20240103;0900;PENDIENTE
1720000118;1082;20250101;0900;PENDIENTE
1720000102;1028;20250315;1100;PENDIENTE
1720000083;1037;20241211;1000;PENDIENTE
1720000125;1044;20240219;0830;PENDIENTE
1720000118;1003;20240507;1030;PENDIENTE
1720000001;1055;20240726;1000;CANCELADA
1720000078;1021;20241007;0900;PENDIENTE
1720000065;1011;20250115;1030;PENDIENTE
1720000161;1040;20240827;1530;PENDIENTE
1720000181;1013;20240102;1100;PENDIENTE
1720000034;1076;20240819;1600;PENDIENTE
1720000179;1044;20240503;1530;PENDIENTE
1720000123;1010;20240822;1500;PENDIENTE
1720000027;1014;20241116;1430;CANCELADA
1720000036;1049;20240516;1000;PENDIENTE
1720000145;1002;20240617;1600;PENDIENTE
1720000055;1081;20240604;1530;PENDIENTE
1720000114;1028;20240329;0930;PENDIENTE
1720000032;1076;20250128;1430;CANCELADA
1720000081;1018;20240910;1200;PENDIENTE
1720000064;1071;20241018;0800;PENDIENTE
1720000169;1039;20240729;1100;PENDIENTE
1720000076;1083;20240225;1130;PENDIENTE
1720000029;1031;20250526;0900;PENDIENTE
1720000004;1047;20241120;1000;PENDIENTE
1720000146;1054;20250109;1030;PENDIENTE
1720000198;1010;20240118;0900;PENDIENTE
1720000056;1006;20240302;1500;PENDIENTE
1720000161;1092;20250528;1530;PENDIENTE
1720000103;1011;20250703;1000;PENDIENTE
1720000080;1011;20250607;1100;CANCELADA
1720000040;1069;20241130;1500;PENDIENTE
1720000196;1084;20240308;1230;PENDIENTE
1720000187;1031;20240229;1130;PENDIENTE
1720000112;1015;20250409;0830;PENDIENTE
1720000190;1085;20240628;0930;PENDIENTE
1720000036;1090;20240112;1030;PENDIENTE
1720000089;1067;20250613;1200;PENDIENTE
1720000033;1096;20241002;0930;PENDIENTE
1720000008;1043;20250315;1200;PENDIENTE
1720000068;1092;20240319;1630;PENDIENTE
1720000093;1008;20250526;1030;PENDIENTE
1720000066;1099;20240415;0930;PENDIENTE
1720000131;1001;20240215;0800;PENDIENTE
1720000121;1047;20250127;1000;PENDIENTE
1720000010;1071;20250305;1130;PENDIENTE
1720000107;1093;20241123;1200;PENDIENTE
1720000147;1048;20240502;0830;PENDIENTE
1720000133;1006;20250214;0900;CANCELADA
1720000073;1100;20241114;1400;PENDIENTE
1720000117;1002;20250112;1100;PENDIENTE
1720000078;1095;20240905;1600;PENDIENTE
1720000127;1099;20240719;1130;PENDIENTE
1720000105;1004;20240826;1430;PENDIENTE
1720000178;1002;20241209;0800;PENDIENTE
1720000097;1095;20241110;0930;PENDIENTE
1720000061;1054;20250518;0830;CANCELADA
1720000037;1092;20241013;0900;PENDIENTE
1720000060;1067;20250226;1430;PENDIENTE
1720000192;1011;20240407;1000;PENDIENTE
1720000101;1010;20240304;1530;PENDIENTE
1720000034;1031;20241025;1200;CANCELADA
1720000101;1090;20241130;1400;PENDIENTE
1720000060;1010;20240726;1000;PENDIENTE
1720000150;1014;20240608;0930;PENDIENTE
1720000120;1041;20250220;0930;PENDIENTE
1720000198;1027;20250407;1230;PENDIENTE
1720000031;1012;20240610;1230;PENDIENTE
1720000179;1078;20240211;1100;PENDIENTE
1720000084;1019;20240403;1130;CANCELADA
1720000102;1066;20240220;1230;PENDIENTE
1720000045;1004;20250218;1600;PENDIENTE
1720000141;1032;20240406;1600;PENDIENTE
1720000036;1016;20240113;0830;PENDIENTE
1720000057;1017;20240721;1500;PENDIENTE
1720000162;1083;20240327;1200;CANCELADA
1720000020;1003;20240307;1100;CANCELADA
1720000114;1017;20240404;1400;PENDIENTE
1720000119;1007;20240621;1530;PENDIENTE
1720000102;1064;20240131;1500;PENDIENTE
1720000045;1046;20240807;1030;PENDIENTE
1720000115;1020;20240205;1130;PENDIENTE
1720000128;1053;20250717;1630;PENDIENTE
1720000072;1050;20240520;1530;PENDIENTE
1720000135;1032;20250710;0800;CANCELADA
1720000183;1046;20250506;1630;PENDIENTE
1720000145;1065;20241125;1500;PENDIENTE
1720000007;1041;20240812;0800;CANCELADA
1720000200;1036;20240229;1630;PENDIENTE
1720000197;1075;20240826;1030;PENDIENTE
1720000169;1031;20240929;0830;PENDIENTE
1720000057;1074;20250201;1430;CANCELADA
1720000045;1023;20240830;1400;PENDIENTE
1720000179;1046;20240129;1430;CANCELADA
1720000145;1019;20250730;1100;PENDIENTE
1720000127;1070;20241112;1030;PENDIENTE
1720000024;1008;20240826;1130;PENDIENTE
1720000123;1001;20241205;1100;PENDIENTE
1720000088;1092;20240630;1400;PENDIENTE
1720000038;1076;20240525;0930;PENDIENTE
1720000094;1010;20250117;1500;PENDIENTE
1720000087;1039;20241126;1000;CANCELADA
1720000188;1056;20250513;1400;PENDIENTE
1720000144;1089;20241231;1130;PENDIENTE
1720000045;1049;20241110;1230;PENDIENTE
1720000187;1001;20250204;0830;PENDIENTE
1720000082;1079;20240814;0930;CANCELADA
1720000037;1043;20240320;1130;PENDIENTE
1720000082;1022;20240331;1400;PENDIENTE
1720000068;1027;20240912;0900;PENDIENTE
1720000028;1093;20240102;0830;PENDIENTE
1720000188;1054;20240619;1530;PENDIENTE
1720000097;1045;20250713;1500;PENDIENTE
1720000123;1074;20240818;1030;PENDIENTE
1720000009;1038;20240121;1400;PENDIENTE
1720000027;1010;20241216;1030;CANCELADA
1720000042;1094;20240317;0900;PENDIENTE
1720000158;1062;20240201;1530;CANCELADA
1720000043;1078;20250320;1030;PENDIENTE
1720000085;1027;20240713;1530;PENDIENTE
1720000185;1094;20250707;1200;PENDIENTE
1720000077;1031;20240408;0830;PENDIENTE
1720000141;1063;20240606;0830;PENDIENTE
1720000110;1012;20241028;1630;PENDIENTE
1720000007;1027;20240623;1230;CANCELADA
1720000122;1015;20241111;1500;PENDIENTE
1720000170;1034;20240403;1500;PENDIENTE
1720000098;1048;20240710;1600;PENDIENTE
1720000113;1060;20240926;1130;PENDIENTE
1720000145;1008;20240603;0930;PENDIENTE
1720000089;1070;20250227;1130;PENDIENTE
1720000100;1067;20250304;1630;PENDIENTE
1720000061;1061;20241102;0900;PENDIENTE
1720000183;1005;20250529;1000;PENDIENTE
1720000194;1058;20240626;1030;CANCELADA
1720000050;1017;20240213;1530;PENDIENTE
1720000175;1056;20240725;1000;PENDIENTE
1720000067;1041;20240309;0900;PENDIENTE
1720000102;1071;20241129;1200;PENDIENTE
1720000004;1090;20250619;1530;PENDIENTE
1720000039;1019;20240412;0930;PENDIENTE
1720000026;1037;20250702;1430;CANCELADA
1720000068;1050;20250512;1630;PENDIENTE
1720000071;1052;20240527;1500;PENDIENTE
1720000085;1089;20240831;0830;PENDIENTE
1720000069;1048;20240121;1400;PENDIENTE
1720000078;1040;20241014;1630;CANCELADA
1720000176;1013;20240821;1000;PENDIENTE
1720000191;1057;20241124;1200;PENDIENTE
1720000155;1083;20240401;1100;PENDIENTE
1720000105;1095;20250511;1430;PENDIENTE
1720000132;1021;20240308;1230;PENDIENTE
1720000104;1018;20250620;0800;PENDIENTE
1720000052;1008;20240912;0830;PENDIENTE
1720000093;1091;20240722;1200;PENDIENTE
1720000119;1065;20250210;0930;PENDIENTE
1720000062;1048;20250515;1600;PENDIENTE
1720000122;1076;20250718;1430;PENDIENTE
1720000067;1096;20240402;1230;PENDIENTE
1720000013;1021;20240807;1130;PENDIENTE
1720000174;1027;20241002;1530;PENDIENTE
1720000200;1099;20240110;1630;CANCELADA
1720000166;1023;20240109;1130;PENDIENTE
1720000079;1092;20241008;1530;CANCELADA
1720000090;1059;20240915;1100;PENDIENTE
1720000174;1067;20250210;0930;PENDIENTE
1720000170;1048;20250728;1230;PENDIENTE
1720000028;1062;20240306;1400;CANCELADA
1720000164;1042;20241010;1200;PENDIENTE
1720000167;1039;20240711;1000;PENDIENTE
1720000062;1008;20250217;1400;PENDIENTE
1720000185;1004;20250524;1230;PENDIENTE
1720000108;1052;20250201;0830;PENDIENTE
1720000147;1025;20241217;1130;PENDIENTE
1720000164;1061;20250102;1230;PENDIENTE
1720000169;1072;20240704;1230;PENDIENTE
1720000033;1095;20240921;1030;CANCELADA
1720000086;1084;20240401;1130;PENDIENTE
1720000191;1040;20250306;1400;PENDIENTE
1720000150;1038;20250419;0930;PENDIENTE
1720000163;1075;20240313;1630;CANCELADA
1720000129;1016;20250125;1230;PENDIENTE
1720000039;1018;20240724;1400;PENDIENTE
1720000146;1059;20240526;1400;CANCELADA
1720000047;1100;20240323;1630;PENDIENTE
1720000046;1041;20240229;0800;PENDIENTE
1720000054;1098;20240621;1030;PENDIENTE
1720000196;1100;20240331;1000;PENDIENTE
1720000163;1055;20250217;1530;CANCELADA
1720000099;1001;20240208;1100;PENDIENTE
1720000004;1042;20250627;1100;PENDIENTE
1720000002;1081;20240911;1130;PENDIENTE
1720000089;1040;20240512;0930;PENDIENTE
1720000151;1040;20240620;0900;PENDIENTE
1720000077;1038;20250411;1400;PENDIENTE
1720000176;1018;20241216;1630;PENDIENTE
1720000049;1022;20250217;0800;PENDIENTE
1720000187;1017;20240804;0800;PENDIENTE
1720000044;1016;20250110;0830;PENDIENTE
1720000164;1033;20250701;0830;PENDIENTE
1720000013;1085;20240420;0800;PENDIENTE
1720000030;1054;20250330;1500;PENDIENTE
1720000065;1061;20240605;1100;PENDIENTE
1720000162;1002;20241104;1530;PENDIENTE
1720000170;1067;20241003;1000;PENDIENTE
1720000027;1066;20240430;1230;PENDIENTE
1720000028;1064;20240722;1100;PENDIENTE
1720000134;1026;20250101;1530;PENDIENTE
1720000011;1071;20250523;1100;PENDIENTE
1720000124;1043;20240828;0800;PENDIENTE
1720000023;1015;20250520;1000;CANCELADA
1720000200;1066;20240317;0930;CANCELADA
1720000165;1030;20250412;1230;PENDIENTE
1720000013;1013;20240627;0830;CANCELADA
1720000093;1087;20241116;1530;PENDIENTE
1720000025;1098;20240216;0800;CANCELADA
1720000170;1083;20240623;1400;PENDIENTE
1720000113;1080;20241001;0900;PENDIENTE
1720000088;1024;20240426;1500;PENDIENTE
1720000117;1035;20250129;1630;PENDIENTE
1720000167;1022;20240425;1000;PENDIENTE
1720000016;1021;20240416;1530;CANCELADA
1720000124;1073;20250324;1030;PENDIENTE
1720000200;1046;20240130;1000;PENDIENTE
1720000125;1015;20250225;1600;PENDIENTE
1720000067;1084;20241117;0800;PENDIENTE
1720000174;1068;20250801;1130;CANCELADA
1720000172;1044;20250615;0930;PENDIENTE
1720000187;1032;20250508;1430;PENDIENTE
1720000165;1050;20240601;0830;PENDIENTE
1720000041;1065;20250425;1630;CANCELADA
1720000020;1097;20250518;1400;PENDIENTE
1720000072;1007;20250603;1130;PENDIENTE
1720000097;1052;20240828;0900;PENDIENTE
1720000147;1058;20240331;1630;PENDIENTE
1720000031;1064;20240119;0930;PENDIENTE
1720000010;1072;20250716;0800;PENDIENTE
1720000155;1080;20241107;1100;PENDIENTE
1720000117;1044;20250107;0830;PENDIENTE
1720000117;1043;20250727;1630;PENDIENTE
1720000094;1092;20250408;0930;PENDIENTE
1720000169;1029;20240103;1400;PENDIENTE
1720000163;1038;20250714;1430;PENDIENTE
1720000012;1022;20250519;1000;PENDIENTE
1720000191;1093;20250223;0930;PENDIENTE
1720000051;1025;20240503;1500;PENDIENTE
1720000049;1092;20241212;0930;PENDIENTE
1720000012;1082;20240506;1600;PENDIENTE
1720000151;1065;20240517;1630;PENDIENTE
1720000189;1007;20250720;1530;PENDIENTE
1720000124;1066;20240630;1030;PENDIENTE
1720000033;1014;20250131;1400;PENDIENTE
1720000099;1054;20240911;1200;PENDIENTE
1720000088;1038;20250408;1000;PENDIENTE
1720000155;1090;20250608;1230;PENDIENTE
1720000141;1041;20250720;1100;PENDIENTE
1720000160;1092;20241024;1430;CANCELADA
1720000034;1091;20240701;1400;PENDIENTE
1720000195;1046;20250729;1630;PENDIENTE
1720000171;1091;20250303;1230;CANCELADA
1720000109;1002;20250619;0930;PENDIENTE
1720000038;1007;20240227;1100;PENDIENTE
1720000042;1037;20240913;1000;PENDIENTE
1720000177;1038;20240727;0830;PENDIENTE
1720000116;1014;20250729;1130;PENDIENTE
1720000144;1050;20240831;1230;PENDIENTE
1720000013;1049;20250131;1530;CANCELADA
1720000176;1041;20250719;0830;PENDIENTE
1720000065;1026;20250329;1130;CANCELADA
1720000181;1091;20250111;1100;PENDIENTE
1720000050;1038;20250404;1030;CANCELADA
1720000020;1024;20240626;0930;PENDIENTE
1720000110;1036;20250723;1200;PENDIENTE
1720000150;1033;20240106;1400;PENDIENTE
1720000040;1006;20240606;1400;PENDIENTE
1720000199;1081;20241104;1630;PENDIENTE
1720000141;1046;20240315;1400;PENDIENTE
1720000048;1067;20240310;1030;PENDIENTE
1720000138;1052;20240404;1430;PENDIENTE
1720000055;1085;20241205;1400;PENDIENTE
1720000056;1097;20250627;1630;CANCELADA
1720000193;1084;20240110;0930;PENDIENTE
1720000115;1031;20240906;0830;PENDIENTE
1720000083;1049;20240426;1500;PENDIENTE
1720000186;1037;20240126;1430;PENDIENTE
1720000131;1058;20250513;0830;PENDIENTE
1720000167;1025;20241124;0900;CANCELADA
1720000043;1099;20250704;0800;PENDIENTE
1720000054;1086;20240806;1530;PENDIENTE
1720000053;1069;20250321;0900;PENDIENTE
1720000040;1004;20250415;1400;PENDIENTE
1720000019;1007;20240701;1200;PENDIENTE
1720000148;1030;20240921;1530;PENDIENTE
1720000162;1052;20250319;1400;PENDIENTE
1720000173;1016;20250701;0800;PENDIENTE
1720000159;1009;20240216;0900;PENDIENTE
1720000129;1014;20241023;1230;PENDIENTE
1720000073;1098;20250324;1500;PENDIENTE
1720000170;1004;20250430;1030;PENDIENTE
1720000035;1096;20250204;1230;CANCELADA
1720000037;1039;20250117;0800;PENDIENTE
1720000143;1019;20240506;0830;PENDIENTE
1720000153;1051;20250704;0900;PENDIENTE
1720000192;1095;20241218;1100;PENDIENTE
1720000166;1066;20240525;1030;PENDIENTE
1720000158;1033;20240717;0930;PENDIENTE
1720000146;1007;20250716;1600;PENDIENTE
1720000019;1038;20240309;1200;PENDIENTE
1720000186;1075;20250513;1400;PENDIENTE
1720000172;1084;20240828;0930;PENDIENTE
1720000018;1025;20241121;1630;PENDIENTE
1720000158;1085;20241109;1000;PENDIENTE
1720000094;1041;20250314;1030;PENDIENTE
1720000064;1029;20250322;1200;PENDIENTE
1720000035;1087;20241205;1630;PENDIENTE
1720000092;1100;20241108;1630;PENDIENTE
1720000045;1083;20240324;1200;CANCELADA
1720000036;1069;20240720;1200;PENDIENTE
1720000161;1010;20240318;0800;PENDIENTE
1720000162;1004;20250218;1100;CANCELADA
1720000142;1034;20250710;1630;PENDIENTE
1720000039;1047;20250205;1130;CANCELADA
1720000151;1094;20241024;1000;PENDIENTE
1720000131;1012;20250210;1430;PENDIENTE
1720000170;1031;20240618;1000;PENDIENTE
1720000046;1073;20240529;1630;CANCELADA
1720000011;1029;20250514;1130;PENDIENTE
1720000095;1030;20240213;1100;PENDIENTE
1720000093;1050;20250425;1600;CANCELADA
1720000011;1084;20241127;0930;PENDIENTE
1720000134;1082;20241007;1200;PENDIENTE
1720000146;1023;20250120;1500;PENDIENTE
1720000168;1010;20250613;1200;PENDIENTE
1720000058;1067;20250219;1430;PENDIENTE
1720000089;1063;20250508;0800;PENDIENTE
1720000036;1057;20240618;1130;PENDIENTE
1720000165;1036;20240804;1000;PENDIENTE
1720000093;1078;20240501;1130;PENDIENTE
1720000085;1093;20240426;1630;PENDIENTE
1720000123;1027;20240614;1530;PENDIENTE
1720000012;1017;20240613;1000;PENDIENTE
1720000011;1074;20240530;0830;PENDIENTE
1720000047;1067;20250219;0800;CANCELADA
1720000187;1085;20241017;0900;PENDIENTE
1720000156;1061;20250508;1030;PENDIENTE
1720000106;1077;20240526;1030;PENDIENTE
1720000131;1034;20240620;1400;CANCELADA
1720000153;1076;20240311;1130;PENDIENTE
1720000034;1014;20240117;1100;PENDIENTE
1720000130;1088;20250305;1000;PENDIENTE
1720000046;1061;20240209;0930;PENDIENTE
1720000169;1017;20250706;0800;CANCELADA
1720000199;1087;20250317;1530;PENDIENTE
1720000012;1090;20250626;1530;PENDIENTE
1720000124;1099;20250125;1430;PENDIENTE
1720000190;1098;20240410;1530;PENDIENTE
1720000123;1099;20240826;0900;PENDIENTE
1720000140;1053;20240920;1100;PENDIENTE
1720000191;1001;20250619;0930;PENDIENTE
1720000097;1084;20240729;1400;PENDIENTE
1720000028;1020;20250312;1200;PENDIENTE
1720000138;1055;20250801;1430;PENDIENTE
1720000175;1051;20240727;1530;PENDIENTE
1720000143;1062;20240702;1430;PENDIENTE
1720000124;1033;20241110;1430;PENDIENTE
1720000102;1095;20240521;0930;PENDIENTE
1720000115;1090;20240614;0930;PENDIENTE
1720000103;1044;20250717;0830;PENDIENTE
1720000163;1001;20240403;1000;PENDIENTE
1720000154;1056;20240331;0900;PENDIENTE
1720000095;1011;20240208;1500;CANCELADA
1720000103;1079;20250617;1230;PENDIENTE
1720000153;1008;20240628;1630;PENDIENTE
1720000052;1085;20250614;1230;PENDIENTE
1720000154;1066;20250612;1130;PENDIENTE
1720000173;1005;20250103;1130;PENDIENTE
1720000041;1012;20241009;1500;PENDIENTE
1720000102;1052;20240724;0800;PENDIENTE
1720000018;1012;20250716;1230;PENDIENTE
1720000144;1075;20241222;1430;CANCELADA
1720000071;1029;20240718;1600;CANCELADA
1720000148;1001;20240924;1030;PENDIENTE
1720000028;1072;20240315;1230;PENDIENTE
1720000030;1066;20240920;1200;PENDIENTE
1720000097;1073;20250510;1130;PENDIENTE
1720000199;1059;20250416;0800;PENDIENTE
1720000067;1009;20250126;1130;PENDIENTE
1720000059;1041;20250226;1430;PENDIENTE
1720000003;1090;20240926;1130;PENDIENTE
1720000103;1087;20241216;0900;PENDIENTE
1720000046;1061;20241117;1430;PENDIENTE
1720000147;1035;20240706;1100;PENDIENTE
1720000052;1031;20240904;1200;PENDIENTE
1720000052;1032;20241230;1000;PENDIENTE
1720000031;1011;20250519;0800;PENDIENTE
1720000139;1006;20250508;1430;PENDIENTE
1720000127;1074;20241008;1630;PENDIENTE
1720000196;1066;20241013;1500;PENDIENTE
1720000148;1017;20240225;1530;PENDIENTE
1720000139;1005;20250529;1430;PENDIENTE
1720000176;1100;20240627;1600;CANCELADA
1720000179;1067;20250416;1400;PENDIENTE
1720000004;1087;20240803;1500;PENDIENTE
1720000084;1047;20240922;1030;PENDIENTE
1720000061;1035;20250427;1400;PENDIENTE
1720000128;1055;20240803;1530;PENDIENTE
1720000096;1047;20250214;1200;PENDIENTE
1720000147;1017;20240822;0930;PENDIENTE
1720000061;1072;20250318;1500;PENDIENTE
1720000190;1020;20250429;0800;PENDIENTE
1720000128;1018;20250613;1400;PENDIENTE
1720000077;1033;20250729;0830;PENDIENTE
1720000177;1021;20240302;1100;PENDIENTE
1720000122;1081;20240408;1600;PENDIENTE
1720000067;1047;20250103;1200;PENDIENTE
1720000106;1016;20241225;1100;PENDIENTE
1720000167;1084;20250705;1030;CANCELADA
1720000073;1046;20241128;1630;PENDIENTE
1720000115;1011;20250125;1230;PENDIENTE
1720000038;1022;20241211;1530;PENDIENTE
1720000147;1052;20240314;0900;PENDIENTE
1720000059;1041;20241120;1230;PENDIENTE
1720000155;1083;20250208;1200;CANCELADA
1720000200;1047;20250617;1600;PENDIENTE
1720000048;1003;20240508;1130;PENDIENTE
1720000191;1090;20240322;1100;PENDIENTE
1720000027;1013;20240306;1630;PENDIENTE
1720000007;1099;20250210;0900;PENDIENTE
1720000159;1020;20240327;1500;PENDIENTE
1720000064;1095;20241017;1600;PENDIENTE
1720000034;1068;20240623;0800;PENDIENTE
1720000092;1042;20250502;1600;CANCELADA
1720000139;1035;20250715;1600;PENDIENTE
1720000179;1070;20240630;1600;PENDIENTE
1720000163;1073;20250321;1230;CANCELADA
1720000124;1070;20240820;0900;PENDIENTE
1720000094;1053;20240923;1000;PENDIENTE
1720000001;1067;20240519;1430;PENDIENTE
1720000137;1002;20250518;1630;PENDIENTE
1720000197;1056;20241026;1130;PENDIENTE
1720000141;1048;20240712;1530;CANCELADA
1720000112;1051;20240912;1030;PENDIENTE
1720000166;1050;20250122;1130;PENDIENTE
1720000109;1081;20240902;1200;PENDIENTE
1720000191;1069;20241002;1530;PENDIENTE
1720000018;1024;20240519;1230;PENDIENTE
1720000117;1080;20250408;1200;PENDIENTE
1720000126;1025;20241124;0800;PENDIENTE
1720000137;1003;20240709;0930;PENDIENTE
1720000033;1092;20250324;0800;PENDIENTE
1720000039;1002;20250520;1100;PENDIENTE
1720000080;1064;20250115;1600;PENDIENTE
1720000009;1043;20240323;1000;PENDIENTE
1720000199;1051;20240314;1630;PENDIENTE
1720000065;1049;20240113;0930;CANCELADA
1720000183;1032;20250129;1600;PENDIENTE
1720000009;1026;20250416;0930;PENDIENTE
1720000054;1061;20250202;1230;CANCELADA
1720000041;1081;20240213;0930;PENDIENTE
1720000164;1039;20240722;1430;CANCELADA
1720000171;1028;20240425;1130;PENDIENTE
1720000084;1002;20240620;1200;PENDIENTE
1720000102;1032;20240110;0830;PENDIENTE
1720000177;1061;20240607;1430;PENDIENTE
1720000064;1021;20250526;0900;PENDIENTE
1720000087;1098;20240302;0830;PENDIENTE
1720000040;1090;20250703;0930;PENDIENTE
1720000060;1041;20250725;1430;PENDIENTE
1720000113;1094;20240716;0800;PENDIENTE
1720000092;1093;20240517;1200;CANCELADA
1720000125;1091;20250324;1230;PENDIENTE
1720000126;1025;20240710;1430;PENDIENTE
1720000120;1036;20250721;1030;PENDIENTE
1720000040;1058;20241029;1200;PENDIENTE
1720000117;1001;20250602;1500;PENDIENTE
1720000005;1080;20250107;1130;PENDIENTE
1720000017;1085;20250705;1500;PENDIENTE
1720000175;1064;20250718;1000;PENDIENTE
1720000083;1053;20241125;0930;PENDIENTE
1720000169;1009;20240214;1000;PENDIENTE
1720000009;1026;20240419;1630;PENDIENTE
1720000009;1074;20250201;1630;PENDIENTE
1720000180;1076;20240919;0830;PENDIENTE
1720000156;1092;20240313;0800;CANCELADA
1720000054;1084;20250518;0900;PENDIENTE
1720000164;1008;20250104;1530;PENDIENTE
1720000182;1008;20240929;0830;PENDIENTE
1720000078;1010;20240809;0930;PENDIENTE
1720000060;1069;20250129;1100;PENDIENTE
1720000169;1032;20240702;1530;PENDIENTE
1720000197;1082;20250101;1600;PENDIENTE
1720000110;1014;20240619;1030;PENDIENTE
1720000130;1044;20240610;1600;CANCELADA
1720000081;1071;20241128;1430;PENDIENTE
1720000163;1056;20241127;1130;PENDIENTE
1720000055;1049;20250717;1200;PENDIENTE
1720000116;1058;20250210;0800;PENDIENTE
1720000073;1077;20240117;1000;CANCELADA
1720000078;1001;20241103;1130;PENDIENTE
1720000081;1003;20241009;1000;PENDIENTE
1720000118;1046;20240608;1000;PENDIENTE
1720000150;1032;20240826;1200;PENDIENTE
1720000024;1074;20250213;1100;PENDIENTE
1720000186;1042;20250509;1030;PENDIENTE
1720000177;1090;20240407;1230;PENDIENTE
1720000148;1049;20240321;0830;CANCELADA
1720000086;1045;20250320;1530;CANCELADA
1720000031;1099;20240820;0800;PENDIENTE
1720000162;1049;20240225;1230;PENDIENTE
1720000082;1070;20250801;1000;PENDIENTE
1720000179;1029;20240605;0830;PENDIENTE
1720000101;1058;20250531;0900;PENDIENTE
1720000075;1051;20240531;1000;PENDIENTE
1720000122;1074;20240220;1500;PENDIENTE
1720000103;1065;20250320;1000;PENDIENTE
1720000124;1072;20240721;1630;PENDIENTE
1720000147;1026;20250728;1130;PENDIENTE
1720000069;1100;20250316;1400;PENDIENTE
1720000148;1012;20240425;1530;PENDIENTE
1720000090;1025;20241124;1430;PENDIENTE
1720000007;1099;20241108;1030;CANCELADA
1720000158;1057;20240529;1600;PENDIENTE
1720000060;1026;20250117;1000;PENDIENTE
1720000022;1015;20240225;1130;CANCELADA
1720000038;1037;20240115;1400;PENDIENTE
1720000029;1040;20250405;1630;PENDIENTE
1720000054;1095;20250704;1100;PENDIENTE
1720000134;1097;20240921;1630;PENDIENTE
1720000037;1089;20240119;1500;PENDIENTE
1720000170;1068;20240214;1200;PENDIENTE
1720000073;1026;20241004;0830;PENDIENTE
1720000003;1009;20250201;1200;PENDIENTE
1720000169;1047;20240420;0800;PENDIENTE
1720000167;1050;20240824;1500;PENDIENTE
1720000182;1013;20241119;1630;CANCELADA
1720000137;1012;20240709;1100;PENDIENTE
1720000118;1072;20240123;0830;PENDIENTE
1720000136;1040;20241207;1630;PENDIENTE
1720000041;1003;20241221;1430;PENDIENTE
1720000078;1031;20250528;1200;PENDIENTE
1720000161;1033;20250131;0800;CANCELADA
1720000072;1029;20240604;1400;CANCELADA
1720000169;1018;20240330;1500;PENDIENTE
1720000174;1079;20240820;1530;PENDIENTE
1720000040;1055;20241115;1400;PENDIENTE
1720000034;1027;20240521;1100;CANCELADA
1720000080;1089;20250620;1000;PENDIENTE
1720000198;1019;20250801;1030;PENDIENTE
1720000143;1069;20240501;1030;PENDIENTE
1720000038;1094;20240131;1400;CANCELADA
1720000106;1053;20241106;1600;PENDIENTE
1720000164;1095;20241007;1000;PENDIENTE
1720000028;1017;20240708;0800;PENDIENTE
1720000157;1079;20240930;1130;PENDIENTE
1720000060;1088;20240127;1430;PENDIENTE
1720000200;1062;20240517;1630;PENDIENTE
1720000096;1024;20250131;1630;PENDIENTE
1720000042;1025;20240819;0830;PENDIENTE
1720000004;1035;20250226;1130;PENDIENTE
1720000052;1097;20240728;0900;PENDIENTE
1720000113;1079;20250516;1400;CANCELADA
1720000064;1055;20250218;0830;PENDIENTE
1720000098;1093;20241116;1500;PENDIENTE
1720000191;1074;20250703;0830;PENDIENTE
1720000116;1059;20240213;1130;PENDIENTE
1720000102;1095;20240210;1500;PENDIENTE
1720000162;1007;20240713;1230;PENDIENTE
1720000078;1100;20241019;1600;PENDIENTE
1720000076;1079;20240225;1000;PENDIENTE
1720000166;1058;20240402;0930;PENDIENTE
1720000150;1090;20250713;1000;PENDIENTE
1720000083;1058;20240126;1030;PENDIENTE
1720000183;1026;20250410;0900;PENDIENTE
1720000178;1084;20240616;0930;PENDIENTE
1720000181;1058;20250106;0900;PENDIENTE
1720000099;1094;20250607;1030;PENDIENTE
1720000098;1006;20240623;1400;PENDIENTE
1720000169;1020;20240615;1000;PENDIENTE
1720000183;1007;20250305;1230;PENDIENTE
1720000197;1058;20241022;1030;PENDIENTE
1720000034;1026;20240104;1200;PENDIENTE
1720000128;1064;20250710;0800;PENDIENTE
1720000127;1031;20240810;1630;PENDIENTE
1720000114;1011;20240107;1130;CANCELADA
1720000072;1080;20250724;1100;PENDIENTE
1720000038;1008;20241223;0830;PENDIENTE
1720000009;1086;20241101;1400;CANCELADA
1720000013;1014;20250302;1030;PENDIENTE
1720000073;1079;20250729;1030;CANCELADA
1720000192;1075;20250103;0830;PENDIENTE
1720000077;1042;20250112;1500;PENDIENTE
1720000195;1055;20250717;0900;PENDIENTE
1720000035;1016;20241008;1400;PENDIENTE
1720000135;1027;20240802;0830;PENDIENTE
1720000187;1081;20250625;0900;PENDIENTE
1720000177;1078;20241021;1530;PENDIENTE
1720000082;1034;20250622;1430;CANCELADA
1720000158;1073;20250523;1630;PENDIENTE
1720000047;1079;20240826;1230;CANCELADA
1720000001;1016;20240125;1600;PENDIENTE
1720000031;1095;20240731;1530;PENDIENTE
1720000086;1045;20250727;1100;PENDIENTE
1720000052;1089;20241015;1200;PENDIENTE
1720000079;1039;20250602;1400;PENDIENTE
1720000030;1088;20241207;1400;PENDIENTE
1720000146;1079;20240130;1030;PENDIENTE
1720000087;1087;20250505;1630;PENDIENTE
1720000166;1018;20250508;1000;PENDIENTE
1720000138;1043;20250418;1530;CANCELADA
1720000015;1067;20241102;1400;PENDIENTE
1720000005;1027;20241205;1430;PENDIENTE
1720000039;1036;20240201;1400;CANCELADA
1720000161;1069;20240618;1500;PENDIENTE
1720000030;1097;20241111;1400;PENDIENTE
1720000070;1053;20240329;1630;CANCELADA
1720000096;1058;20241105;1100;PENDIENTE
1720000045;1015;20250118;0830;PENDIENTE
1720000024;1057;20250602;0800;PENDIENTE
1720000129;1020;20240713;1400;CANCELADA
1720000188;1068;20241113;1400;PENDIENTE
1720000026;1067;20240515;1100;PENDIENTE
1720000118;1050;20250618;0930;PENDIENTE
1720000012;1088;20240330;1400;PENDIENTE
1720000012;1014;20250617;1230;PENDIENTE
1720000195;1040;20240802;1400;PENDIENTE
1720000074;1036;20250629;1400;PENDIENTE
1720000172;1016;20241006;1000;PENDIENTE
1720000030;1002;20250727;0930;PENDIENTE
1720000090;1071;20241122;1200;PENDIENTE
1720000181;1037;20240907;1030;PENDIENTE
1720000157;1044;20250707;1600;PENDIENTE
1720000008;1061;20240221;0930;PENDIENTE
1720000023;1055;20250205;1030;PENDIENTE
1720000152;1081;20250401;1430;PENDIENTE
1720000051;1092;20250630;0900;CANCELADA
1720000194;1098;20250421;1000;PENDIENTE
1720000179;1060;20240409;1600;PENDIENTE
1720000165;1091;20250421;1630;PENDIENTE
1720000058;1019;20240921;1430;PENDIENTE
1720000180;1086;20241204;1400;PENDIENTE
1720000008;1009;20250501;0930;PENDIENTE
1720000119;1022;20241016;1430;PENDIENTE
1720000033;1066;20240415;1500;PENDIENTE
1720000028;1042;20250723;0900;PENDIENTE
1720000137;1060;20250214;1530;PENDIENTE
1720000063;1071;20240611;1630;PENDIENTE
1720000088;1027;20250317;1530;PENDIENTE
1720000088;1070;20240829;1030;PENDIENTE
1720000020;1095;20250513;0930;PENDIENTE
1720000119;1042;20250722;0930;PENDIENTE
1720000046;1040;20250219;0900;PENDIENTE
1720000176;1077;20250123;1400;PENDIENTE
1720000170;1008;20240402;1100;PENDIENTE
1720000149;1097;20240101;1000;PENDIENTE
1720000116;1069;20241025;1500;PENDIENTE
1720000115;1026;20240729;1400;PENDIENTE
1720000174;1039;20250321;1430;CANCELADA
1720000150;1002;20250606;1500;PENDIENTE
1720000076;1008;20250113;0830;PENDIENTE
1720000144;1046;20240422;1230;CANCELADA
1720000061;1056;20250207;1400;PENDIENTE
1720000104;1049;20250321;1100;PENDIENTE
1720000122;1018;20240711;1500;PENDIENTE
1720000093;1054;20240606;1230;CANCELADA
1720000172;1017;20240517;0800;PENDIENTE
1720000005;1019;20250513;1530;CANCELADA
1720000035;1011;20240520;1530;CANCELADA
1720000179;1078;20250311;1030;PENDIENTE
1720000109;1071;20250405;1500;PENDIENTE
1720000048;1055;20240108;1630;PENDIENTE
1720000061;1092;20250528;1200;PENDIENTE
1720000140;1074;20250110;0830;CANCELADA
1720000146;1062;20250112;0930;PENDIENTE
1720000177;1011;20240525;1200;PENDIENTE
1720000021;1067;20240331;1130;PENDIENTE
1720000190;1085;20240320;1230;PENDIENTE
1720000088;1069;20240112;1630;PENDIENTE
1720000121;1074;20241205;1530;PENDIENTE
1720000076;1038;20240620;0830;PENDIENTE
1720000153;1096;20241107;1200;PENDIENTE
1720000122;1075;20240622;0830;PENDIENTE
1720000075;1095;20240128;1230;PENDIENTE
1720000033;1065;20240319;1200;PENDIENTE
1720000158;1036;20241008;1200;PENDIENTE
1720000029;1078;20240627;1000;PENDIENTE
1720000095;1023;20240924;1130;PENDIENTE
1720000136;1005;20241217;0900;CANCELADA
1720000153;1020;20250522;1530;PENDIENTE
1720000061;1085;20250326;1030;PENDIENTE
1720000188;1045;20240225;1200;PENDIENTE
1720000030;1007;20240620;1600;PENDIENTE
1720000078;1061;20250629;1130;PENDIENTE
1720000181;1050;20250430;1200;PENDIENTE
1720000112;1002;20241022;1600;PENDIENTE
1720000081;1068;20240212;0930;CANCELADA
1720000164;1046;20250318;1200;PENDIENTE
1720000069;1013;20240918;1500;PENDIENTE
1720000173;1096;20240904;1100;PENDIENTE
1720000174;1089;20240703;1400;PENDIENTE
1720000173;1002;20240310;0800;PENDIENTE
1720000135;1014;20250401;1430;PENDIENTE
1720000073;1033;20240716;0830;PENDIENTE
1720000024;1008;20240810;0930;PENDIENTE
1720000031;1012;20240513;1500;PENDIENTE
1720000166;1073;20240708;0930;PENDIENTE
1720000065;1038;20250423;0900;PENDIENTE
1720000071;1099;20250313;1400;PENDIENTE
1720000200;1010;20241010;0830;PENDIENTE
1720000086;1008;20240921;1200;PENDIENTE
1720000018;1063;20240724;1500;PENDIENTE
1720000126;1014;20240527;1530;PENDIENTE
1720000165;1014;20250328;1200;PENDIENTE
1720000019;1010;20240913;1600;PENDIENTE
1720000128;1020;20240101;0830;PENDIENTE
1720000069;1020;20241203;1500;PENDIENTE
1720000132;1091;20250517;1630;PENDIENTE
1720000187;1100;20240312;1130;PENDIENTE
1720000177;1100;20250508;0930;PENDIENTE
1720000092;1043;20241106;1500;PENDIENTE
1720000166;1012;20250109;1400;PENDIENTE
1720000118;1098;20241023;1100;PENDIENTE
1720000011;1050;20240714;1230;PENDIENTE
1720000028;1081;20250102;1630;PENDIENTE
1720000162;1057;20240713;1000;PENDIENTE
1720000007;1093;20240901;1630;PENDIENTE
1720000139;1083;20241111;1630;PENDIENTE
1720000116;1003;20240207;1400;PENDIENTE
1720000185;1006;20250219;0930;PENDIENTE
1720000168;1086;20250619;1600;CANCELADA
1720000138;1020;20240826;0900;PENDIENTE
1720000037;1063;20240120;1630;CANCELADA
1720000159;1006;20240905;1000;PENDIENTE
1720000162;1007;20241110;0930;PENDIENTE
1720000044;1076;20240306;0930;PENDIENTE
1720000153;1079;20240813;0900;PENDIENTE
1720000110;1044;20250215;1400;PENDIENTE
1720000176;1074;20250712;1000;PENDIENTE
1720000055;1098;20240216;1030;PENDIENTE
1720000031;1036;20240524;1530;PENDIENTE
1720000095;1071;20240617;1600;PENDIENTE
1720000149;1006;20240516;0930;PENDIENTE
1720000162;1079;20250120;1030;PENDIENTE
1720000125;1011;20240107;0800;PENDIENTE
1720000023;1091;20241017;1530;PENDIENTE
1720000198;1061;20240509;1100;PENDIENTE
1720000070;1067;20250406;1530;PENDIENTE
1720000045;1079;20240208;1030;PENDIENTE
1720000157;1012;20241104;1430;PENDIENTE
1720000143;1031;20240715;0930;CANCELADA
1720000025;1080;20250105;1130;PENDIENTE
1720000161;1085;20240801;1200;PENDIENTE
1720000029;1020;20250430;1630;PENDIENTE
1720000172;1006;20240225;1430;PENDIENTE
1720000112;1033;20241208;1600;PENDIENTE
1720000190;1007;20250704;1030;PENDIENTE
1720000008;1063;20250611;0930;PENDIENTE
1720000061;1093;20250331;1400;PENDIENTE
1720000192;1087;20241129;1130;PENDIENTE
1720000084;1030;20240410;1130;PENDIENTE
1720000052;1049;20240813;0900;PENDIENTE
1720000125;1007;20250322;1000;PENDIENTE
1720000157;1059;20240701;1500;PENDIENTE
1720000118;1093;20240717;1430;CANCELADA
1720000052;1043;20240510;0830;PENDIENTE
1720000016;1036;20240519;0930;CANCELADA
1720000118;1054;20240624;1400;PENDIENTE
1720000076;1078;20240609;1030;PENDIENTE
1720000142;1030;20240329;1530;CANCELADA
1720000126;1028;20250429;1600;PENDIENTE
1720000187;1055;20240909;1130;PENDIENTE
1720000149;1029;20240601;0800;PENDIENTE
1720000012;1006;20250426;0830;PENDIENTE
1720000101;1062;20240410;1600;PENDIENTE
1720000022;1072;20240113;1530;CANCELADA
1720000034;1046;20241029;1130;PENDIENTE
1720000024;1003;20250506;1230;PENDIENTE
1720000118;1074;20240125;1600;PENDIENTE
1720000036;1091;20250219;1030;PENDIENTE
1720000095;1081;20250420;0800;CANCELADA
1720000019;1050;20241206;0830;PENDIENTE
1720000193;1035;20250709;1100;PENDIENTE
1720000021;1080;20241209;0830;PENDIENTE
1720000173;1047;20240222;0930;PENDIENTE
1720000120;1080;20240211;1430;PENDIENTE
1720000166;1072;20240309;1100;PENDIENTE
1720000086;1031;20250706;0930;PENDIENTE
1720000189;1097;20240802;1130;PENDIENTE
1720000069;1065;20250309;1200;PENDIENTE
1720000096;1045;20250408;1630;PENDIENTE
1720000032;1061;20250628;1230;PENDIENTE
1720000095;1087;20240308;1100;CANCELADA
1720000118;1012;20240323;1500;CANCELADA
1720000074;1010;20240421;1030;PENDIENTE
1720000179;1019;20250523;1000;CANCELADA
1720000134;1081;20240124;1230;PENDIENTE
1720000175;1070;20240515;1630;PENDIENTE
1720000114;1095;20240122;1230;PENDIENTE
1720000006;1030;20250616;1400;PENDIENTE
1720000088;1084;20241130;1630;PENDIENTE
1720000179;1068;20250715;1600;PENDIENTE
1720000146;1017;20241109;1030;PENDIENTE
1720000059;1062;20250115;1230;PENDIENTE
1720000013;1019;20241227;1230;PENDIENTE
1720000043;1080;20240613;1230;PENDIENTE
1720000045;1091;20240606;1030;PENDIENTE
1720000011;1041;20240509;1600;PENDIENTE
1720000048;1027;20250729;0830;PENDIENTE
1720000089;1019;20250116;1600;PENDIENTE
1720000042;1069;20241104;0930;CANCELADA
1720000104;1064;20240528;1600;CANCELADA
1720000040;1001;20250713;1400;PENDIENTE
1720000076;1061;20241023;1000;PENDIENTE
1720000187;1057;20241212;0930;PENDIENTE
1720000011;1018;20250718;0930;PENDIENTE
1720000103;1080;20240813;1600;PENDIENTE
1720000084;1008;20240718;1130;PENDIENTE
1720000197;1036;20240719;0800;PENDIENTE
1720000115;1087;20240330;1500;PENDIENTE
1720000082;1078;20250607;0830;CANCELADA
1720000093;1051;20240531;1530;PENDIENTE
1720000096;1002;20241018;1430;PENDIENTE
1720000115;1072;20240330;1100;PENDIENTE
1720000114;1095;20250301;1600;PENDIENTE
1720000187;1055;20250228;1000;PENDIENTE
1720000154;1012;20240527;1100;PENDIENTE
1720000135;1043;20240308;1500;PENDIENTE
1720000105;1082;20241006;1530;PENDIENTE
1720000119;1091;20240520;1100;PENDIENTE
1720000098;1038;20250721;1630;PENDIENTE
1720000078;1075;20241107;1630;PENDIENTE
1720000119;1029;20240128;0800;PENDIENTE
1720000077;1082;20250428;0930;PENDIENTE
1720000074;1054;20240702;1630;CANCELADA
1720000166;1032;20240130;0930;PENDIENTE
1720000127;1009;20250105;1630;PENDIENTE
1720000067;1081;20250502;0930;PENDIENTE
1720000188;1074;20240118;1200;PENDIENTE
1720000015;1019;20241123;1600;CANCELADA
1720000035;1046;20240616;0830;PENDIENTE
1720000108;1082;20241230;0830;PENDIENTE
1720000136;1082;20240319;1100;PENDIENTE
1720000047;1098;20240406;1030;PENDIENTE
1720000081;1088;20241104;1200;PENDIENTE
1720000177;1047;20240408;1430;PENDIENTE
1720000004;1018;20250614;1230;PENDIENTE
1720000125;1053;20241214;1030;PENDIENTE
1720000040;1065;20240814;1100;PENDIENTE
1720000144;1079;20250622;0930;PENDIENTE
1720000020;1015;20240514;0800;PENDIENTE
1720000080;1089;20250106;1000;PENDIENTE
1720000153;1067;20241216;1030;PENDIENTE
1720000008;1096;20240501;1130;PENDIENTE
1720000178;1019;20240820;1230;PENDIENTE
1720000034;1011;20250311;0930;PENDIENTE
1720000199;1062;20250317;0830;PENDIENTE
1720000009;1085;20250609;0830;PENDIENTE
1720000065;1006;20240308;1230;PENDIENTE
1720000194;1013;20240506;1100;PENDIENTE
1720000052;1024;20241225;0800;PENDIENTE
1720000192;1036;20241222;1430;PENDIENTE
1720000129;1100;20240904;0900;PENDIENTE
1720000149;1098;20240115;1100;PENDIENTE
1720000073;1022;20250704;0800;CANCELADA
1720000026;1028;20250531;1630;PENDIENTE
1720000151;1024;20250326;0930;PENDIENTE
1720000091;1049;20250310;1100;PENDIENTE
1720000105;1015;20241117;0930;PENDIENTE
1720000134;1018;20250522;1430;PENDIENTE
1720000143;1093;20240211;0900;PENDIENTE
1720000030;1050;20241017;1600;PENDIENTE
1720000080;1088;20250330;1130;PENDIENTE
1720000075;1055;20240712;0900;CANCELADA
1720000122;1087;20250111;1030;PENDIENTE
1720000173;1063;20240417;1500;PENDIENTE
1720000169;1087;20240328;0930;PENDIENTE
1720000103;1089;20240414;1030;PENDIENTE
1720000051;1044;20240724;1500;PENDIENTE
1720000109;1093;20250526;1200;PENDIENTE
1720000197;1075;20241006;1500;PENDIENTE
1720000171;1078;20250218;1630;PENDIENTE
1720000038;1099;20250410;0930;PENDIENTE
1720000126;1064;20240824;1000;PENDIENTE
1720000189;1007;20240310;1630;PENDIENTE
1720000046;1049;20241130;1000;PENDIENTE
1720000160;1013;20240319;1630;PENDIENTE
1720000052;1038;20250524;1630;PENDIENTE
1720000139;1044;20250707;0800;CANCELADA
1720000009;1056;20240501;1500;PENDIENTE
1720000097;1057;20250415;0830;PENDIENTE
1720000143;1085;20241106;1030;PENDIENTE
1720000035;1040;20250202;1630;PENDIENTE
1720000146;1087;20250517;1630;PENDIENTE
1720000041;1065;20240227;1500;PENDIENTE
1720000152;1049;20241227;1230;PENDIENTE
1720000008;1076;20240216;1000;PENDIENTE
1720000090;1095;20240128;1400;PENDIENTE
1720000110;1045;20241231;1530;PENDIENTE
1720000170;1032;20240910;1130;PENDIENTE
1720000152;1011;20240308;1230;PENDIENTE
1720000044;1003;20250705;1400;PENDIENTE
1720000169;1055;20250611;1530;PENDIENTE
1720000179;1061;20240123;1400;PENDIENTE
1720000100;1042;20240410;1630;PENDIENTE
1720000173;1027;20241210;1630;PENDIENTE
1720000196;1086;20241213;1030;PENDIENTE
1720000094;1056;20240725;1630;PENDIENTE
1720000020;1069;20240807;1230;PENDIENTE
1720000077;1074;20250215;1130;PENDIENTE
1720000024;1092;20240407;1400;PENDIENTE
1720000146;1068;20250501;1530;PENDIENTE
1720000020;1084;20241105;1230;PENDIENTE
1720000139;1041;20240723;1530;PENDIENTE
1720000160;1066;20250409;1030;CANCELADA
1720000161;1091;20250612;1030;PENDIENTE
1720000055;1085;20250423;1200;CANCELADA
1720000137;1079;20250320;0830;PENDIENTE
1720000094;1060;20240531;1130;PENDIENTE
1720000176;1098;20241103;1530;PENDIENTE
1720000017;1082;20240727;1530;PENDIENTE
1720000074;1083;20240613;1200;PENDIENTE
1720000061;1052;20240901;0930;PENDIENTE
1720000008;1032;20241113;1600;PENDIENTE
1720000112;1055;20240207;1100;PENDIENTE
1720000035;1004;20240921;1200;PENDIENTE
1720000046;1083;20240213;1630;PENDIENTE
1720000015;1011;20241117;1230;CANCELADA
1720000105;1047;20240402;1500;CANCELADA
1720000186;1018;20240829;0930;PENDIENTE
1720000129;1016;20250618;1200;PENDIENTE
1720000024;1031;20240505;1400;PENDIENTE
1720000150;1095;20250203;1130;CANCELADA
1720000056;1019;20240419;1030;PENDIENTE
1720000071;1057;20250222;1200;CANCELADA
1720000015;1063;20250630;1430;PENDIENTE
1720000029;1041;20250712;1530;PENDIENTE
1720000064;1036;20240528;1430;PENDIENTE
1720000095;1040;20240122;0830;PENDIENTE
1720000170;1007;20240902;1200;PENDIENTE
1720000080;1082;20250106;0930;PENDIENTE
1720000061;1057;20250201;0800;CANCELADA
1720000101;1033;20241104;0900;CANCELADA
1720000194;1031;20241031;1100;CANCELADA
1720000042;1057;20241120;1530;PENDIENTE
1720000071;1011;20250518;1630;PENDIENTE
1720000086;1092;20250308;0930;PENDIENTE
1720000179;1034;20250602;0900;PENDIENTE
1720000155;1094;20250714;1400;PENDIENTE
1720000008;1098;20240223;1030;PENDIENTE
1720000165;1018;20240104;1500;PENDIENTE
1720000079;1041;20240325;0930;PENDIENTE
1720000133;1092;20240513;1530;PENDIENTE
1720000082;1058;20250504;1000;PENDIENTE
1720000176;1076;20241201;1230;PENDIENTE
1720000107;1048;20240705;1500;CANCELADA
1720000147;1029;20240122;0800;CANCELADA
1720000166;1079;20240822;0900;CANCELADA
1720000051;1034;20240621;0830;PENDIENTE
1720000110;1077;20240923;1000;PENDIENTE
1720000095;1022;20240430;0800;PENDIENTE
1720000112;1099;20250409;1630;PENDIENTE
1720000183;1027;20240714;1200;PENDIENTE
1720000127;1049;20240513;1530;CANCELADA
1720000154;1028;20241016;1100;PENDIENTE
1720000105;1019;20240130;1230;CANCELADA
1720000061;1080;20250406;1130;PENDIENTE
1720000176;1083;20250414;0900;PENDIENTE
1720000035;1042;20250211;1100;PENDIENTE
1720000182;1055;20240919;0900;PENDIENTE
1720000016;1007;20241206;1130;PENDIENTE
1720000091;1078;20240216;0800;PENDIENTE
1720000159;1049;20241105;1500;PENDIENTE
1720000034;1072;20240212;1030;PENDIENTE
1720000129;1064;20241213;1600;PENDIENTE
1720000082;1091;20250627;1530;PENDIENTE
1720000030;1041;20240215;1000;PENDIENTE
1720000072;1096;20250104;1530;PENDIENTE
1720000068;1079;20240927;1400;PENDIENTE
1720000043;1041;20250518;1000;PENDIENTE
1720000169;1082;20250326;0830;PENDIENTE
1720000014;1030;20240706;0830;PENDIENTE
1720000042;1091;20250423;1530;PENDIENTE
1720000127;1006;20250328;1430;CANCELADA
1720000144;1063;20250413;1630;PENDIENTE
1720000185;1019;20240506;1430;PENDIENTE
1720000073;1024;20240621;1200;PENDIENTE
1720000170;1075;20240805;0800;PENDIENTE
1720000147;1024;20250302;0900;PENDIENTE
1720000128;1087;20240406;1400;PENDIENTE
1720000175;1088;20240504;1500;PENDIENTE
1720000028;1042;20240606;0800;PENDIENTE
1720000182;1085;20250506;1600;PENDIENTE
1720000069;1077;20240106;1400;CANCELADA
1720000168;1080;20250408;1400;CANCELADA
1720000188;1073;20240512;1100;CANCELADA
1720000165;1037;20241126;0830;PENDIENTE
1720000141;1078;20250125;0900;PENDIENTE
1720000046;1031;20250212;0900;PENDIENTE
1720000054;1021;20250201;1500;PENDIENTE
1720000193;1084;20240606;0930;PENDIENTE
1720000111;1095;20241113;1000;PENDIENTE
1720000025;1048;20250608;1100;PENDIENTE
1720000100;1061;20241001;1530;PENDIENTE
1720000109;1048;20240709;1530;PENDIENTE
1720000024;1006;20250609;1400;CANCELADA
1720000174;1029;20240607;1630;PENDIENTE
1720000166;1068;20240326;1230;PENDIENTE
1720000021;1062;20241103;1000;CANCELADA
1720000176;1039;20240911;1530;PENDIENTE
1720000013;1071;20240319;0830;PENDIENTE
1720000131;1055;20250226;0930;PENDIENTE
1720000185;1073;20240916;1430;PENDIENTE
1720000021;1099;20250530;0800;PENDIENTE
1720000170;1060;20240702;1030;PENDIENTE
1720000012;1011;20250302;1230;PENDIENTE
1720000186;1059;20250405;1200;PENDIENTE
1720000048;1028;20240708;0900;PENDIENTE
1720000155;1034;20240418;1530;PENDIENTE
1720000002;1051;20240429;0800;PENDIENTE
1720000123;1059;20250218;1630;PENDIENTE
1720000158;1047;20250208;1230;PENDIENTE
1720000035;1002;20240714;0930;PENDIENTE
1720000179;1025;20240128;1100;PENDIENTE
1720000038;1084;20240904;1530;PENDIENTE
1720000138;1025;20240329;1230;PENDIENTE
1720000038;1061;20250308;0800;PENDIENTE
1720000040;1095;20250331;1630;PENDIENTE
1720000116;1075;20240905;1100;PENDIENTE
1720000101;1007;20241207;0800;PENDIENTE
1720000183;1056;20250301;1630;PENDIENTE
1720000153;1094;20250721;1230;PENDIENTE
1720000103;1063;20250609;1630;PENDIENTE
1720000016;1068;20240120;1530;PENDIENTE
1720000142;1009;20241001;1530;CANCELADA
1720000030;1064;20241221;1600;PENDIENTE
1720000006;1021;20241021;1100;PENDIENTE
1720000113;1030;20250603;1130;PENDIENTE
1720000176;1044;20250424;1000;CANCELADA
1720000186;1092;20250203;1530;PENDIENTE
1720000173;1084;20250103;1630;PENDIENTE
1720000042;1080;20240731;1230;PENDIENTE
1720000023;1086;20250509;1000;PENDIENTE
1720000041;1078;20250518;0930;PENDIENTE
1720000127;1039;20240828;1100;PENDIENTE
1720000005;1046;20240924;1430;PENDIENTE
1720000045;1065;20240202;0900;PENDIENTE
1720000030;1080;20240820;0930;PENDIENTE
1720000125;1034;20241214;1430;PENDIENTE
1720000198;1072;20240930;1000;CANCELADA
1720000132;1078;20240416;0830;CANCELADA
1720000113;1059;20240423;0930;PENDIENTE
1720000157;1014;20250729;0830;PENDIENTE
1720000043;1081;20240430;1100;CANCELADA
1720000041;1094;20241026;1600;PENDIENTE
1720000128;1094;20240411;1000;PENDIENTE
1720000086;1018;20240505;1100;PENDIENTE
1720000107;1099;20240107;1130;PENDIENTE
1720000122;1044;20241020;1030;PENDIENTE
1720000096;1092;20250228;1430;PENDIENTE
1720000063;1020;20250626;1530;PENDIENTE
1720000036;1055;20250227;1530;CANCELADA
1720000133;1088;20250105;0800;PENDIENTE
1720000198;1002;20250613;0900;PENDIENTE
1720000081;1052;20240617;1530;PENDIENTE
1720000195;1005;20240603;0830;CANCELADA
1720000183;1085;20250616;1230;PENDIENTE
1720000175;1090;20250720;1230;PENDIENTE
1720000081;1045;20240109;1200;CANCELADA
1720000157;1019;20250217;1600;PENDIENTE
1720000140;1080;20250328;1430;CANCELADA
1720000167;1052;20240721;1230;PENDIENTE
1720000138;1043;20250203;1000;PENDIENTE
1720000139;1037;20240806;0900;PENDIENTE
1720000080;1067;20241214;1030;PENDIENTE
1720000139;1076;20240921;1130;PENDIENTE
1720000078;1093;20250308;0930;PENDIENTE
1720000096;1034;20250603;1430;PENDIENTE
1720000194;1084;20240507;1600;PENDIENTE
1720000189;1001;20250409;1400;CANCELADA
1720000191;1075;20250630;1130;PENDIENTE
1720000073;1086;20240523;1500;PENDIENTE
1720000064;1014;20241201;1100;PENDIENTE
1720000093;1059;20240410;1000;PENDIENTE
1720000106;1011;20240404;0830;PENDIENTE
1720000034;1061;20240807;1600;PENDIENTE
1720000174;1068;20250216;1500;CANCELADA
1720000150;1064;20250309;1600;PENDIENTE
1720000126;1094;20250302;1030;PENDIENTE
1720000033;1063;20250413;1000;CANCELADA
1720000132;1068;20240430;1100;PENDIENTE
1720000009;1096;20240609;1430;CANCELADA
1720000031;1078;20250222;0930;PENDIENTE
1720000147;1038;20240211;1000;PENDIENTE
1720000079;1048;20241106;1230;PENDIENTE
1720000037;1019;20250307;0830;CANCELADA
1720000079;1037;20240808;1030;PENDIENTE
1720000126;1001;20240505;1430;PENDIENTE
1720000012;1054;20250507;1230;PENDIENTE
1720000087;1049;20250501;1000;PENDIENTE
1720000130;1082;20250416;1600;PENDIENTE
1720000039;1094;20241129;0900;PENDIENTE
1720000171;1080;20250223;1500;PENDIENTE
1720000102;1044;20250707;0830;CANCELADA
1720000114;1095;20241011;0900;CANCELADA
1720000182;1004;20241112;0930;PENDIENTE
1720000022;1025;20250708;0830;CANCELADA
1720000134;1025;20250502;0800;PENDIENTE
1720000137;1024;20240120;1200;PENDIENTE
1720000063;1091;20250330;0900;PENDIENTE
1720000156;1042;20250215;0830;PENDIENTE
1720000006;1044;20250323;1030;PENDIENTE
1720000136;1041;20250126;1200;PENDIENTE
1720000026;1070;20240621;1230;PENDIENTE
1720000066;1099;20240401;1000;PENDIENTE
1720000105;1087;20240622;0830;PENDIENTE
1720000084;1024;20240128;0830;PENDIENTE
1720000026;1041;20240525;1530;CANCELADA
1720000067;1049;20240503;0830;PENDIENTE
1720000193;1077;20240830;1630;PENDIENTE
1720000130;1050;20240427;1200;PENDIENTE
1720000119;1071;20250220;0900;PENDIENTE
1720000105;1082;20240827;0800;PENDIENTE
1720000151;1087;20240413;1130;PENDIENTE
1720000167;1017;20241107;1530;PENDIENTE
1720000163;1065;20240727;1000;PENDIENTE
1720000044;1032;20250704;1530;CANCELADA
1720000143;1058;20240212;0800;PENDIENTE
1720000159;1038;20240620;0800;PENDIENTE
1720000124;1035;20240913;1500;CANCELADA
1720000162;1028;20250606;1230;PENDIENTE
1720000190;1069;20250730;0900;PENDIENTE
1720000102;1090;20240505;1000;PENDIENTE
1720000072;1056;20240803;1400;CANCELADA
1720000088;1082;20240924;1600;PENDIENTE
1720000170;1042;20241215;1100;PENDIENTE
1720000154;1043;20240117;1000;PENDIENTE
1720000001;1078;20250502;0800;CANCELADA
1720000173;1023;20250227;1630;PENDIENTE
1720000138;1011;20240320;0800;CANCELADA
1720000172;1057;20240506;1430;CANCELADA
1720000097;1077;20250101;1500;PENDIENTE
1720000197;1090;20240109;0930;PENDIENTE
1720000050;1057;20240110;1130;PENDIENTE
1720000195;1036;20250101;1100;PENDIENTE
1720000158;1081;20241106;1130;PENDIENTE
1720000127;1047;20240207;1200;PENDIENTE
1720000181;1091;20240802;0800;PENDIENTE
1720000164;1051;20240423;1200;PENDIENTE
1720000127;1022;20250719;1100;PENDIENTE
1720000145;1087;20250801;1030;PENDIENTE
1720000033;1096;20240307;1000;PENDIENTE
1720000146;1030;20250619;1200;PENDIENTE
1720000174;1003;20250629;1200;PENDIENTE
1720000117;1001;20250313;0830;CANCELADA
1720000083;1056;20250220;1200;PENDIENTE
1720000133;1060;20250522;1430;PENDIENTE
1720000012;1093;20240817;0830;PENDIENTE
1720000108;1069;20250404;1400;PENDIENTE
1720000050;1043;20240324;0800;CANCELADA
1720000058;1089;20250309;0900;CANCELADA
1720000051;1022;20241203;1230;PENDIENTE
1720000161;1013;20240129;1630;PENDIENTE
1720000007;1076;20241208;1200;PENDIENTE
1720000122;1031;20241214;0830;PENDIENTE
1720000134;1031;20240315;1600;PENDIENTE
1720000161;1058;20240507;0900;CANCELADA
1720000009;1049;20241116;0900;PENDIENTE
1720000016;1057;20240226;1230;PENDIENTE
1720000111;1009;20240414;0830;PENDIENTE
1720000076;1049;20250215;0930;PENDIENTE
1720000106;1030;20240111;1600;PENDIENTE
1720000110;1080;20240413;1400;PENDIENTE
1720000173;1004;20250409;1400;PENDIENTE
1720000028;1014;20240113;0900;PENDIENTE
1720000050;1074;20240509;1200;PENDIENTE
1720000124;1093;20250331;1030;PENDIENTE
1720000012;1008;20240510;1230;PENDIENTE
1720000132;1084;20250101;1230;PENDIENTE
1720000139;1100;20240529;1000;PENDIENTE
1720000155;1044;20241025;1430;CANCELADA
1720000133;1076;20240528;0830;PENDIENTE
1720000144;1007;20250308;1430;PENDIENTE
1720000052;1082;20240725;0900;PENDIENTE
1720000171;1061;20250423;1400;CANCELADA
1720000145;1043;20241102;1530;PENDIENTE
1720000027;1059;20240213;1630;PENDIENTE
1720000001;1082;20240816;1130;PENDIENTE
1720000055;1031;20250507;1400;PENDIENTE
1720000097;1027;20250213;1030;PENDIENTE
1720000002;1047;20240111;0900;PENDIENTE
1720000143;1015;20240525;1230;PENDIENTE
1720000162;1075;20250103;0830;CANCELADA
1720000051;1026;20241017;1030;PENDIENTE
1720000068;1093;20240627;1400;PENDIENTE
1720000063;1023;20240719;0800;PENDIENTE
1720000068;1013;20240122;1000;PENDIENTE
1720000029;1044;20240803;1230;PENDIENTE
1720000095;1048;20240624;1530;CANCELADA
1720000017;1016;20240527;1000;PENDIENTE
1720000050;1069;20250122;1430;PENDIENTE
1720000110;1082;20240907;0830;PENDIENTE
1720000151;1025;20250702;1230;PENDIENTE
1720000084;1032;20240224;1200;CANCELADA
1720000131;1075;20250515;1100;PENDIENTE
1720000121;1085;20240307;1030;PENDIENTE
1720000193;1083;20250605;1430;PENDIENTE
1720000119;1023;20241125;1430;PENDIENTE
1720000124;1092;20250521;1630;PENDIENTE
1720000103;1082;20240207;1100;PENDIENTE
1720000052;1058;20240828;1500;PENDIENTE
1720000109;1049;20240609;1430;PENDIENTE
1720000022;1018;20240327;1230;PENDIENTE
1720000091;1030;20240212;1600;PENDIENTE
1720000087;1055;20250406;1600;PENDIENTE
1720000095;1064;20241120;1200;PENDIENTE
1720000046;1057;20240827;1200;PENDIENTE
1720000092;1011;20241028;0900;PENDIENTE
1720000059;1013;20240501;0900;PENDIENTE
1720000140;1026;20241207;1100;PENDIENTE
1720000065;1039;20241008;1100;PENDIENTE
1720000036;1097;20250710;1200;PENDIENTE
1720000077;1037;20241220;1500;CANCELADA
1720000149;1097;20240113;1630;PENDIENTE
1720000195;1020;20250211;1130;PENDIENTE
1720000192;1027;20250430;1130;PENDIENTE
1720000142;1097;20250424;1600;PENDIENTE
1720000022;1041;20240711;1530;PENDIENTE
1720000179;1054;20240802;1600;PENDIENTE
1720000143;1004;20250118;1000;PENDIENTE
1720000033;1040;20240110;1630;PENDIENTE
1720000091;1044;20240818;1530;PENDIENTE
1720000193;1052;20250704;1230;PENDIENTE
1720000006;1073;20240202;1000;PENDIENTE
1720000085;1073;20250204;1500;PENDIENTE
1720000101;1009;20250701;1500;PENDIENTE
1720000028;1043;20250407;1230;PENDIENTE
1720000027;1087;20250720;1030;PENDIENTE
1720000177;1078;20250515;0800;PENDIENTE
1720000018;1050;20241017;1100;PENDIENTE
1720000169;1068;20240312;1600;PENDIENTE
1720000133;1002;20240624;1400;CANCELADA
1720000106;1051;20240609;0930;PENDIENTE
1720000108;1062;20240311;1500;CANCELADA
1720000053;1017;20240729;1230;PENDIENTE
1720000182;1086;20250501;1030;PENDIENTE
1720000080;1076;20240726;1600;PENDIENTE
1720000002;1019;20250401;0900;PENDIENTE
1720000155;1032;20250622;1400;CANCELADA
1720000126;1059;20250418;0830;PENDIENTE
1720000074;1083;20250412;1430;PENDIENTE
1720000183;1039;20250204;1030;PENDIENTE
1720000046;1080;20250318;1600;PENDIENTE
1720000169;1024;20240407;1500;PENDIENTE
1720000012;1031;20240610;1200;CANCELADA
1720000138;1038;20240309;1100;CANCELADA
1720000106;1098;20250720;0930;CANCELADA
1720000020;1097;20240417;1400;PENDIENTE
1720000043;1033;20240731;0830;PENDIENTE
1720000019;1082;20250417;1500;PENDIENTE
1720000103;1025;20250210;0830;PENDIENTE
1720000030;1091;20240519;1400;PENDIENTE
1720000119;1063;20250417;0900;PENDIENTE
1720000169;1032;20250324;1000;PENDIENTE
1720000072;1021;20240623;0800;PENDIENTE
1720000046;1038;20240507;1500;PENDIENTE
1720000172;1098;20240112;1200;PENDIENTE
1720000092;1023;20240809;0830;CANCELADA
1720000137;1028;20250328;0830;PENDIENTE
1720000134;1083;20240415;1500;PENDIENTE
1720000114;1007;20240105;0830;PENDIENTE
1720000197;1026;20240912;1430;CANCELADA
1720000052;1012;20240117;1530;PENDIENTE
1720000004;1044;20240715;0900;PENDIENTE
1720000025;1086;20240620;1030;PENDIENTE
1720000132;1014;20241130;1400;PENDIENTE
1720000049;1080;20240731;1500;CANCELADA
1720000031;1030;20240806;0930;PENDIENTE
1720000045;1002;20250215;1400;PENDIENTE
1720000055;1059;20240813;0900;PENDIENTE
1720000072;1084;20250112;0830;PENDIENTE
1720000056;1053;20241104;1630;CANCELADA
1720000027;1092;20250703;1030;PENDIENTE
1720000025;1077;20241128;1500;PENDIENTE
1720000198;1089;20240516;1400;PENDIENTE
1720000195;1089;20241121;1630;PENDIENTE
1720000005;1078;20250404;1500;PENDIENTE
1720000190;1030;20250530;0800;PENDIENTE
1720000158;1098;20240507;1230;PENDIENTE
1720000110;1097;20240906;0900;PENDIENTE
1720000096;1064;20241030;1100;PENDIENTE
1720000053;1083;20240208;1130;CANCELADA
1720000154;1057;20241202;1000;PENDIENTE
1720000165;1098;20240210;1530;PENDIENTE
1720000074;1097;20240125;1130;PENDIENTE
1720000085;1044;20240905;1100;PENDIENTE
1720000171;1032;20240815;1500;PENDIENTE
1720000047;1057;20240107;0900;CANCELADA
1720000018;1025;20240223;1000;CANCELADA
1720000033;1012;20240626;1100;PENDIENTE
1720000021;1055;20250423;1230;PENDIENTE
1720000051;1032;20250310;1030;PENDIENTE
1720000078;1037;20250404;1100;PENDIENTE
1720000124;1011;20250103;1500;PENDIENTE
1720000121;1057;20250308;1530;PENDIENTE
1720000124;1003;20250125;1530;CANCELADA
1720000195;1039;20250704;1000;PENDIENTE
1720000045;1033;20250124;1600;PENDIENTE
1720000073;1049;20250729;1630;PENDIENTE
1720000035;1092;20250425;1100;PENDIENTE
1720000049;1001;20240114;1430;PENDIENTE
1720000107;1051;20250117;1500;PENDIENTE
1720000165;1076;20240313;1530;CANCELADA
1720000032;1050;20240615;1100;PENDIENTE
1720000066;1099;20241222;1630;PENDIENTE
1720000095;1090;20240229;1500;CANCELADA
1720000189;1032;20240905;1630;PENDIENTE
1720000093;1081;20240129;1000;PENDIENTE
1720000117;1088;20240530;1200;PENDIENTE
1720000149;1085;20240614;0800;PENDIENTE
1720000024;1083;20250128;1500;PENDIENTE
1720000021;1067;20240712;1530;PENDIENTE
1720000110;1033;20241105;1500;PENDIENTE
1720000188;1053;20240401;0930;PENDIENTE
1720000199;1045;20240526;1200;PENDIENTE
1720000192;1051;20241111;0800;CANCELADA
1720000126;1001;20240409;0900;PENDIENTE
1720000107;1068;20250302;1230;PENDIENTE
1720000044;1023;20250118;1030;PENDIENTE
1720000051;1063;20240705;0930;PENDIENTE
1720000055;1024;20240724;0830;PENDIENTE
1720000195;1025;20240922;1530;PENDIENTE
1720000160;1014;20240619;0900;PENDIENTE
1720000097;1016;20241010;0900;PENDIENTE
1720000150;1031;20250504;1630;PENDIENTE
1720000026;1002;20240303;1200;PENDIENTE
1720000002;1086;20240212;0930;PENDIENTE
1720000002;1049;20250616;1200;CANCELADA
1720000122;1097;20241211;1530;PENDIENTE
1720000175;1044;20241118;1130;CANCELADA
1720000171;1052;20250122;0830;CANCELADA
1720000085;1013;20240104;1600;CANCELADA
1720000103;1093;20240522;0800;PENDIENTE
1720000136;1036;20240911;1430;PENDIENTE
1720000176;1085;20250501;1530;PENDIENTE
1720000001;1082;20241125;0800;PENDIENTE
1720000012;1095;20241129;1600;PENDIENTE
1720000125;1052;20240324;1430;PENDIENTE
1720000122;1085;20240412;1500;PENDIENTE
1720000050;1092;20240526;0830;PENDIENTE
1720000023;1039;20250715;1600;PENDIENTE
1720000115;1015;20250508;1130;PENDIENTE
1720000044;1097;20240401;0930;PENDIENTE
1720000184;1004;20240613;1400;CANCELADA
1720000197;1036;20240813;1200;PENDIENTE
1720000172;1016;20240519;1630;PENDIENTE
1720000178;1043;20240817;0900;PENDIENTE
1720000097;1092;20250125;1530;PENDIENTE
1720000058;1034;20240428;1230;PENDIENTE
1720000023;1044;20240711;0930;PENDIENTE
1720000033;1041;20250124;0800;PENDIENTE
1720000152;1069;20240713;1500;CANCELADA
1720000082;1099;20250108;1000;PENDIENTE
1720000155;1076;20240815;0930;PENDIENTE
1720000138;1059;20241119;1000;PENDIENTE
1720000076;1029;20250526;1600;PENDIENTE
1720000073;1019;20240205;1400;PENDIENTE
1720000177;1016;20241007;1630;PENDIENTE
1720000056;1064;20241025;1500;PENDIENTE
1720000086;1020;20240803;1130;PENDIENTE
1720000014;1100;20240702;1630;PENDIENTE
1720000077;1085;20240612;0800;PENDIENTE
1720000087;1055;20250429;1430;PENDIENTE
1720000101;1010;20250624;1230;PENDIENTE
1720000050;1090;20250715;1500;PENDIENTE
1720000083;1097;20240225;1230;PENDIENTE
1720000042;1074;20240520;1600;PENDIENTE
1720000075;1019;20240802;1100;PENDIENTE
1720000051;1095;20240110;1430;PENDIENTE
1720000148;1014;20240531;1500;CANCELADA
1720000110;1087;20240621;0830;PENDIENTE
1720000122;1023;20240223;0930;CANCELADA
1720000167;1044;20250320;1000;PENDIENTE
1720000104;1032;20240204;0930;PENDIENTE
1720000126;1039;20240625;1500;PENDIENTE
1720000172;1085;20240401;1600;CANCELADA
1720000167;1049;20241008;1600;PENDIENTE
1720000031;1015;20240325;0930;PENDIENTE
1720000172;1066;20240818;0800;PENDIENTE
1720000147;1062;20241007;0930;PENDIENTE
1720000047;1050;20250510;1530;PENDIENTE
1720000033;1013;20241129;0900;PENDIENTE
1720000138;1024;20250219;0800;PENDIENTE
1720000138;1068;20250515;0900;PENDIENTE
1720000150;1069;20240507;1100;CANCELADA
1720000031;1024;20240703;0800;PENDIENTE
1720000081;1016;20240210;1000;PENDIENTE
1720000168;1021;20240330;1200;CANCELADA
1720000009;1011;20240507;1230;PENDIENTE
1720000140;1022;20250309;0800;PENDIENTE
1720000012;1067;20241027;1600;PENDIENTE
1720000126;1089;20241116;1430;PENDIENTE
1720000131;1027;20240411;0830;PENDIENTE
1720000049;1019;20241102;1100;CANCELADA
1720000155;1071;20240809;1430;PENDIENTE
1720000187;1080;20250308;0900;PENDIENTE
1720000067;1049;20240616;1500;PENDIENTE
1720000066;1087;20250311;1000;PENDIENTE
1720000019;1081;20241002;1100;PENDIENTE
1720000145;1085;20250607;1030;PENDIENTE
1720000040;1041;20250320;1500;PENDIENTE
1720000155;1032;20240320;1200;PENDIENTE
1720000029;1088;20250715;1530;PENDIENTE
1720000164;1012;20250106;1400;PENDIENTE
1720000038;1029;20241007;0800;PENDIENTE
1720000057;1049;20240417;0930;PENDIENTE
1720000187;1040;20250516;0930;PENDIENTE
1720000180;1074;20241015;1200;PENDIENTE
1720000013;1022;20241121;1500;PENDIENTE
1720000190;1087;20250628;1500;PENDIENTE
1720000033;1034;20240110;1000;PENDIENTE
1720000037;1049;20240930;0830;CANCELADA
1720000164;1048;20240912;1530;PENDIENTE
1720000047;1057;20241228;1600;PENDIENTE
1720000071;1055;20250617;1130;PENDIENTE
1720000023;1040;20250220;1400;PENDIENTE
1720000163;1011;20240319;1130;CANCELADA
1720000043;1074;20240228;0900;PENDIENTE
1720000142;1064;20240111;1530;PENDIENTE
1720000188;1018;20250506;1630;PENDIENTE
1720000174;1069;20240507;1500;PENDIENTE
1720000049;1096;20240108;1530;PENDIENTE
1720000192;1045;20240907;0830;PENDIENTE
1720000044;1087;20250620;1130;PENDIENTE
1720000094;1018;20250610;1430;CANCELADA
1720000109;1064;20250123;1030;PENDIENTE
1720000029;1044;20240912;0930;PENDIENTE
1720000124;1038;20240928;1100;PENDIENTE
1720000162;1073;20250207;1100;CANCELADA
1720000165;1066;20240206;1600;CANCELADA
1720000125;1008;20241230;0800;PENDIENTE
1720000085;1039;20241228;0930;PENDIENTE
1720000185;1024;20250215;1430;PENDIENTE
1720000111;1063;20240721;0900;PENDIENTE
1720000040;1053;20240506;1630;PENDIENTE
1720000197;1085;20240913;1130;PENDIENTE
1720000096;1039;20250108;1530;CANCELADA
1720000138;1035;20240421;1600;PENDIENTE
1720000113;1021;20240523;1430;PENDIENTE
1720000002;1046;20240722;0930;PENDIENTE
1720000011;1018;20250208;1530;PENDIENTE
1720000009;1021;20240722;1630;CANCELADA
1720000069;1016;20250307;1630;PENDIENTE
1720000175;1092;20240510;1400;PENDIENTE
1720000200;1052;20250528;1500;PENDIENTE
1720000028;1003;20240509;1000;PENDIENTE
1720000004;1099;20240830;0830;PENDIENTE
1720000088;1055;20240109;1530;PENDIENTE
1720000073;1063;20240325;1530;PENDIENTE
1720000040;1094;20250607;1030;PENDIENTE
1720000197;1015;20240926;1130;PENDIENTE
1720000110;1026;20250430;0930;PENDIENTE
1720000129;1079;20240704;1100;CANCELADA
1720000152;1081;20240601;1130;PENDIENTE
1720000103;1005;20241007;1100;CANCELADA
1720000110;1003;20240723;0900;CANCELADA
1720000098;1053;20250621;1230;PENDIENTE
1720000060;1029;20241210;1530;PENDIENTE
1720000131;1055;20240222;1230;PENDIENTE
1720000094;1036;20241225;1530;PENDIENTE
1720000013;1024;20240211;0800;PENDIENTE
1720000191;1042;20240805;1230;PENDIENTE
1720000156;1013;20250317;1030;PENDIENTE
1720000126;1047;20241208;1230;PENDIENTE
1720000172;1002;20250719;1000;PENDIENTE
1720000190;1047;20250625;1430;PENDIENTE
1720000071;1027;20250128;0900;CANCELADA
1720000034;1081;20240503;0830;PENDIENTE
1720000168;1025;20240716;1600;CANCELADA
1720000020;1070;20241217;1230;PENDIENTE
1720000195;1026;20250630;1000;PENDIENTE
1720000050;1054;20250717;1200;CANCELADA
1720000195;1072;20241221;1430;PENDIENTE
1720000184;1016;20250322;0900;PENDIENTE
1720000135;1065;20240123;1030;PENDIENTE
1720000179;1017;20241023;0830;CANCELADA
1720000016;1089;20240713;1500;PENDIENTE
1720000137;1066;20240317;1030;PENDIENTE
1720000131;1050;20250729;1500;PENDIENTE
1720000070;1027;20240707;0800;PENDIENTE
1720000056;1076;20240110;1600;PENDIENTE
1720000185;1068;20240922;1230;CANCELADA
1720000076;1091;20241001;0930;PENDIENTE
1720000012;1069;20240831;1230;PENDIENTE
1720000038;1036;20240516;1200;CANCELADA
1720000014;1083;20240911;1100;PENDIENTE
1720000001;1084;20241221;1430;PENDIENTE
1720000181;1071;20240927;1000;PENDIENTE
1720000157;1038;20241128;0830;PENDIENTE
1720000003;1046;20240812;1200;PENDIENTE
1720000005;1069;20240418;1500;CANCELADA
1720000066;1081;20250718;1100;PENDIENTE
1720000057;1042;20241002;1100;PENDIENTE
1720000193;1051;20240608;1600;PENDIENTE
1720000186;1056;20250112;1000;CANCELADA
1720000024;1064;20240704;1600;PENDIENTE
1720000046;1025;20250517;1030;PENDIENTE
1720000006;1040;20240615;1030;PENDIENTE
1720000176;1078;20240711;0900;PENDIENTE
1720000110;1032;20250410;1500;PENDIENTE
1720000135;1018;20240113;0930;PENDIENTE
1720000006;1015;20240114;0830;PENDIENTE
1720000198;1011;20241001;1000;CANCELADA
1720000154;1002;20240110;0930;PENDIENTE
1720000087;1091;20240328;1100;PENDIENTE
1720000195;1073;20250330;1030;PENDIENTE
1720000123;1020;20240906;0830;PENDIENTE
1720000069;1081;20250710;0930;PENDIENTE
1720000012;1014;20250711;1230;PENDIENTE
1720000107;1019;20240102;1130;PENDIENTE
1720000110;1050;20240530;1430;PENDIENTE
1720000058;1088;20250128;0930;PENDIENTE
1720000029;1029;20240414;1230;PENDIENTE
1720000158;1043;20240501;1430;CANCELADA
1720000022;1006;20240603;1030;PENDIENTE
1720000086;1077;20240704;1530;PENDIENTE
1720000171;1088;20241104;1230;PENDIENTE
1720000027;1035;20250526;1430;CANCELADA
1720000183;1010;20240103;1000;PENDIENTE
1720000038;1041;20240531;1500;PENDIENTE
1720000123;1009;20240425;1530;CANCELADA
1720000072;1019;20240402;1400;CANCELADA
1720000047;1099;20250129;1430;PENDIENTE
1720000109;1062;20250227;1400;PENDIENTE
1720000168;1032;20250127;1530;PENDIENTE
1720000138;1069;20250519;1130;PENDIENTE
1720000149;1092;20250307;1130;PENDIENTE
1720000061;1047;20240103;1100;CANCELADA
1720000005;1047;20250725;1630;CANCELADA
1720000029;1008;20241223;1430;PENDIENTE
1720000200;1018;20241028;1600;PENDIENTE
1720000142;1054;20240905;1100;PENDIENTE
1720000015;1096;20240521;0930;CANCELADA
1720000181;1019;20250121;0800;PENDIENTE
1720000109;1048;20240225;0930;PENDIENTE
1720000019;1062;20240610;0800;PENDIENTE
1720000037;1011;20240907;0900;PENDIENTE
1720000107;1020;20240705;1630;PENDIENTE
1720000192;1068;20241102;1630;PENDIENTE
1720000087;1057;20240114;1230;PENDIENTE
1720000016;1083;20240202;1030;PENDIENTE
1720000003;1051;20250309;1600;PENDIENTE
1720000067;1074;20250528;1230;PENDIENTE
1720000109;1021;20241005;0900;PENDIENTE
1720000033;1096;20240804;1500;PENDIENTE
1720000057;1051;20240707;0900;PENDIENTE
1720000120;1062;20241116;1500;PENDIENTE
1720000043;1007;20250115;1530;PENDIENTE
1720000028;1014;20240320;1430;PENDIENTE
1720000086;1004;20240902;1230;PENDIENTE
1720000028;1009;20240804;0800;PENDIENTE
1720000080;1025;20250718;1100;PENDIENTE
1720000009;1031;20241002;0900;CANCELADA
1720000145;1006;20250731;1630;PENDIENTE
1720000081;1012;20241112;0800;CANCELADA
1720000193;1037;20250211;1100;PENDIENTE
1720000101;1093;20241230;1000;PENDIENTE
1720000025;1043;20250221;0930;PENDIENTE
1720000199;1020;20240125;1500;PENDIENTE
1720000010;1038;20240614;1000;PENDIENTE
1720000021;1081;20240405;1130;CANCELADA
1720000175;1084;20240524;1030;CANCELADA
1720000129;1067;20250619;1400;PENDIENTE
1720000034;1044;20241024;1430;PENDIENTE
1720000111;1006;20250131;1130;PENDIENTE
1720000157;1078;20240317;1000;PENDIENTE
1720000128;1013;20240116;1000;PENDIENTE
1720000080;1071;20240330;1630;PENDIENTE
1720000081;1022;20241029;1030;PENDIENTE
1720000148;1047;20241227;0900;PENDIENTE
1720000182;1099;20250416;1200;CANCELADA
1720000066;1098;20250328;1000;CANCELADA
1720000146;1063;20240210;1430;CANCELADA
1720000103;1053;20240512;1600;PENDIENTE
1720000160;1041;20250117;0900;PENDIENTE
1720000130;1058;20240926;0830;PENDIENTE
1720000165;1008;20240907;0800;PENDIENTE
1720000027;1038;20250119;1030;PENDIENTE
1720000019;1029;20250201;1600;PENDIENTE
1720000090;1060;20250424;1600;PENDIENTE
1720000047;1094;20240420;1500;PENDIENTE
1720000052;1052;20241202;0900;PENDIENTE
1720000155;1063;20240805;1630;PENDIENTE
1720000117;1005;20250712;1000;CANCELADA
1720000038;1082;20240806;1400;PENDIENTE
1720000154;1100;20250124;0830;CANCELADA
1720000093;1056;20250429;1100;PENDIENTE
1720000006;1098;20250309;1200;PENDIENTE
1720000046;1011;20240525;0900;PENDIENTE
1720000021;1039;20250407;1530;PENDIENTE
1720000172;1034;20240707;0830;PENDIENTE
1720000110;1044;20241031;1030;PENDIENTE
1720000108;1062;20250501;1030;CANCELADA
1720000112;1046;20250202;0800;PENDIENTE
1720000153;1026;20240320;1000;PENDIENTE
1720000188;1096;20241120;0800;PENDIENTE
1720000118;1019;20250526;1400;PENDIENTE
1720000173;1053;20240926;0800;CANCELADA
1720000033;1082;20250405;0930;PENDIENTE
1720000191;1025;20250306;1030;PENDIENTE
1720000056;1045;20240802;1100;CANCELADA
1720000148;1002;20250114;1430;PENDIENTE
1720000079;1065;20240507;1630;PENDIENTE
1720000117;1053;20250224;1430;PENDIENTE
1720000139;1055;20250619;1400;PENDIENTE
1720000046;1059;20250314;1430;PENDIENTE
1720000153;1021;20250709;1530;PENDIENTE
1720000169;1089;20250323;1230;PENDIENTE
1720000026;1012;20240416;0900;PENDIENTE
1720000158;1053;20240416;1630;PENDIENTE
1720000160;1070;20240412;1600;PENDIENTE
1720000009;1086;20241023;1530;PENDIENTE
1720000199;1059;20250718;1500;PENDIENTE
1720000121;1016;20241225;1600;PENDIENTE
1720000166;1091;20250209;0800;CANCELADA
1720000058;1065;20241017;1200;CANCELADA
1720000068;1040;20250228;1130;PENDIENTE
1720000107;1005;20240116;0800;PENDIENTE
1720000096;1067;20241121;1400;PENDIENTE
1720000147;1056;20240904;1500;PENDIENTE
1720000165;1051;20240222;1530;PENDIENTE
1720000163;1050;20240626;1500;CANCELADA
1720000133;1021;20250323;1130;PENDIENTE
1720000033;1065;20240501;1500;PENDIENTE
1720000161;1034;20250720;1030;CANCELADA
1720000053;1012;20240405;0800;PENDIENTE
1720000161;1099;20240605;0800;PENDIENTE
1720000140;1011;20250126;0800;PENDIENTE
1720000034;1059;20250101;1030;PENDIENTE
1720000057;1039;20240717;1130;PENDIENTE
1720000097;1099;20240923;0830;PENDIENTE
1720000037;1081;20240124;0930;PENDIENTE
1720000153;1016;20240419;1000;PENDIENTE
1720000047;1012;20240320;1630;PENDIENTE
1720000054;1051;20240413;1630;PENDIENTE
1720000106;1010;20250513;0900;PENDIENTE
1720000108;1049;20241117;1600;PENDIENTE
1720000047;1039;20240111;1030;PENDIENTE
1720000162;1078;20240202;0930;CANCELADA
1720000089;1062;20250713;0800;PENDIENTE
1720000190;1033;20240504;1100;PENDIENTE
1720000138;1003;20250614;1000;PENDIENTE
1720000094;1015;20240810;0800;PENDIENTE
1720000057;1011;20240509;1200;PENDIENTE
1720000052;1012;20241222;1230;PENDIENTE
1720000127;1056;20250608;1500;CANCELADA
1720000065;1023;20240721;1200;CANCELADA
1720000027;1075;20241115;1030;PENDIENTE
1720000185;1063;20250319;1600;PENDIENTE
1720000192;1035;20241122;0930;PENDIENTE
1720000110;1026;20241227;1430;CANCELADA
1720000017;1058;20240620;0830;CANCELADA
1720000065;1076;20250223;1230;PENDIENTE
1720000166;1068;20241226;1500;PENDIENTE
1720000047;1042;20250315;1030;PENDIENTE
1720000019;1028;20250115;1430;PENDIENTE
1720000081;1016;20240110;1400;PENDIENTE
1720000184;1043;20240806;1600;PENDIENTE
1720000083;1030;20250729;0900;PENDIENTE
1720000155;1028;20250623;1100;PENDIENTE
1720000072;1092;20240317;1530;PENDIENTE
1720000112;1041;20241123;1100;PENDIENTE
1720000127;1064;20240217;1200;PENDIENTE
1720000032;1058;20240624;1400;PENDIENTE
1720000061;1074;20240122;1230;PENDIENTE
1720000148;1001;20250417;1230;PENDIENTE
1720000104;1005;20250630;0830;PENDIENTE
1720000005;1009;20250426;0930;PENDIENTE
1720000107;1093;20241104;1200;PENDIENTE
1720000089;1052;20240322;1400;PENDIENTE
1720000013;1051;20241101;1600;PENDIENTE
1720000165;1016;20250117;0930;PENDIENTE
1720000013;1002;20240522;0930;CANCELADA
1720000177;1093;20250322;1130;PENDIENTE
1720000049;1093;20250112;0800;CANCELADA
1720000014;1034;20240214;0930;PENDIENTE
1720000078;1010;20240927;1400;PENDIENTE
1720000098;1035;20240623;1000;PENDIENTE
1720000031;1017;20241122;1000;PENDIENTE
1720000106;1082;20250402;0930;PENDIENTE
1720000062;1074;20250504;1630;CANCELADA
1720000083;1099;20250509;1130;PENDIENTE
1720000197;1038;20240325;1430;PENDIENTE
1720000063;1085;20240729;0900;PENDIENTE
1720000127;1008;20240805;0800;PENDIENTE
1720000120;1050;20240711;1630;PENDIENTE
1720000054;1076;20250624;1400;PENDIENTE
1720000080;1091;20250409;1000;PENDIENTE
1720000028;1017;20240812;1430;PENDIENTE
1720000116;1080;20250609;1100;PENDIENTE
1720000049;1009;20241011;1530;PENDIENTE
1720000079;1074;20240414;1000;PENDIENTE
1720000028;1096;20240422;1130;PENDIENTE
1720000118;1024;20240930;0800;PENDIENTE
1720000136;1058;20241226;1200;PENDIENTE
1720000141;1011;20241228;1530;PENDIENTE
1720000102;1065;20250317;1400;PENDIENTE
1720000070;1048;20240410;0830;PENDIENTE
1720000188;1055;20240717;1230;PENDIENTE
1720000046;1077;20241009;1630;PENDIENTE
1720000028;1088;20240221;1130;CANCELADA
1720000057;1015;20240224;0830;PENDIENTE
1720000062;1009;20250628;0930;PENDIENTE
1720000159;1090;20250218;1500;PENDIENTE
1720000057;1094;20241001;1630;PENDIENTE
1720000053;1045;20241021;1230;PENDIENTE
1720000025;1024;20250530;1630;PENDIENTE
1720000177;1031;20240623;1400;PENDIENTE
1720000043;1024;20241206;1600;PENDIENTE
1720000004;1086;20250430;1530;PENDIENTE
1720000046;1034;20240319;1030;PENDIENTE
1720000003;1077;20241226;1630;PENDIENTE
1720000126;1032;20250428;0930;PENDIENTE
1720000005;1073;20241024;1130;PENDIENTE
1720000043;1097;20240530;0930;PENDIENTE
1720000189;1043;20250408;1630;PENDIENTE
1720000140;1033;20250513;1200;PENDIENTE
1720000004;1046;20241104;1400;CANCELADA
1720000199;1085;20250510;0930;PENDIENTE
1720000133;1094;20240122;1000;CANCELADA
1720000057;1085;20240525;1430;PENDIENTE
1720000063;1074;20250317;1430;PENDIENTE
1720000023;1025;20250121;0930;CANCELADA
1720000161;1087;20250711;1600;CANCELADA
1720000135;1023;20240928;1430;CANCELADA
1720000101;1076;20250303;1200;PENDIENTE
1720000011;1075;20250616;1400;PENDIENTE
1720000032;1056;20250410;1430;PENDIENTE
1720000003;1064;20240530;1600;PENDIENTE
1720000134;1038;20250725;1030;PENDIENTE
1720000074;1009;20241028;0800;PENDIENTE
1720000056;1037;20240506;0830;PENDIENTE
1720000002;1056;20241226;0800;PENDIENTE
1720000036;1045;20241017;1000;CANCELADA
1720000183;1035;20240526;1100;PENDIENTE
1720000021;1038;20240812;0830;PENDIENTE
1720000091;1032;20250130;1530;PENDIENTE
1720000026;1034;20241105;1230;PENDIENTE
1720000112;1087;20241126;1000;PENDIENTE
1720000052;1033;20240518;1530;PENDIENTE
1720000078;1040;20240328;1230;PENDIENTE
1720000161;1060;20250712;1030;PENDIENTE
1720000112;1013;20240521;1600;PENDIENTE
1720000129;1088;20250101;1600;PENDIENTE
1720000120;1054;20250224;1600;PENDIENTE
1720000144;1004;20250307;0900;PENDIENTE
1720000158;1039;20240905;1430;PENDIENTE
1720000140;1073;20241027;0830;PENDIENTE
1720000101;1017;20250216;0800;PENDIENTE
1720000196;1067;20250416;0830;PENDIENTE
1720000070;1084;20240419;1400;PENDIENTE
1720000075;1073;20250508;1400;CANCELADA
1720000032;1095;20250607;0830;PENDIENTE
1720000133;1019;20250729;1630;PENDIENTE
1720000173;1082;20240607;1230;PENDIENTE
1720000185;1001;20250511;1100;PENDIENTE
1720000001;1020;20240503;0930;PENDIENTE
1720000027;1061;20240126;1600;PENDIENTE
1720000032;1039;20250218;1630;CANCELADA
1720000061;1070;20240923;1600;CANCELADA
1720000158;1016;20250318;1000;PENDIENTE
1720000048;1019;20240903;1030;PENDIENTE
1720000180;1070;20240724;1630;PENDIENTE
1720000075;1086;20240412;1630;PENDIENTE
1720000071;1051;20250130;0930;PENDIENTE
1720000109;1019;20240129;1230;PENDIENTE
1720000145;1050;20240112;1230;PENDIENTE
1720000167;1085;20250331;0830;CANCELADA
1720000091;1018;20250424;1600;PENDIENTE
1720000041;1046;20250527;1100;PENDIENTE
1720000181;1068;20250203;0900;PENDIENTE
1720000039;1046;20250730;1400;PENDIENTE
1720000036;1036;20241106;1500;PENDIENTE
1720000166;1062;20250120;1630;PENDIENTE
1720000047;1074;20250603;1200;PENDIENTE
1720000083;1076;20241222;1500;PENDIENTE
1720000008;1094;20240611;1130;PENDIENTE
1720000028;1064;20250502;1400;PENDIENTE
1720000198;1094;20240830;0930;CANCELADA
1720000045;1094;20250128;1530;CANCELADA
1720000016;1079;20240913;0930;PENDIENTE
1720000192;1010;20250328;1430;PENDIENTE
1720000008;1023;20241124;0930;PENDIENTE
1720000097;1018;20250723;1100;PENDIENTE
1720000126;1057;20241019;1130;PENDIENTE
1720000042;1056;20250625;1100;PENDIENTE
1720000007;1081;20240408;1100;PENDIENTE
1720000036;1001;20250103;1530;PENDIENTE
1720000019;1044;20240708;1630;PENDIENTE
1720000054;1074;20250430;1430;PENDIENTE
1720000144;1018;20240309;1600;PENDIENTE
1720000097;1010;20240321;1000;PENDIENTE
1720000077;1013;20240430;1630;PENDIENTE
1720000154;1070;20241204;0800;PENDIENTE
1720000075;1033;20250203;1430;PENDIENTE
1720000041;1037;20240317;1130;CANCELADA
1720000157;1065;20241115;1500;PENDIENTE
1720000140;1090;20240423;1630;CANCELADA
1720000068;1084;20240131;0830;PENDIENTE
1720000067;1026;20241208;0830;PENDIENTE
1720000141;1094;20241203;0830;PENDIENTE
1720000019;1073;20240206;1430;CANCELADA
1720000107;1077;20240323;1630;CANCELADA
1720000070;1093;20240212;0930;PENDIENTE
1720000130;1029;20241224;1530;PENDIENTE
1720000059;1003;20240226;0800;PENDIENTE
1720000051;1069;20250123;0800;PENDIENTE
1720000014;1050;20250121;1000;PENDIENTE
1720000110;1071;20240521;0930;PENDIENTE
1720000158;1048;20241226;1100;PENDIENTE
1720000015;1031;20240825;0900;PENDIENTE
1720000059;1053;20250703;0830;CANCELADA
1720000004;1093;20240912;0830;PENDIENTE
1720000033;1057;20240703;1230;PENDIENTE
1720000090;1078;20240907;1230;PENDIENTE
1720000102;1062;20240505;0900;PENDIENTE
1720000140;1027;20250521;1430;CANCELADA
1720000057;1057;20241105;1430;PENDIENTE
1720000075;1084;20240907;1200;PENDIENTE
1720000139;1065;20240416;0830;PENDIENTE
1720000106;1091;20250512;1200;PENDIENTE
1720000036;1067;20240824;1230;PENDIENTE
1720000054;1016;20250116;1000;PENDIENTE
1720000061;1090;20250326;1600;CANCELADA
1720000006;1064;20240204;1200;PENDIENTE
1720000099;1039;20240327;0830;PENDIENTE
1720000157;1050;20250522;0800;CANCELADA
1720000099;1057;20240215;1130;PENDIENTE
1720000048;1085;20250317;0830;PENDIENTE
1720000009;1070;20241222;0800;CANCELADA
1720000194;1044;20240925;1100;PENDIENTE
1720000088;1093;20250320;1530;PENDIENTE
1720000189;1097;20240228;0930;PENDIENTE
1720000185;1087;20241021;1600;PENDIENTE
1720000185;1073;20250615;1200;PENDIENTE
1720000098;1060;20240831;1000;CANCELADA
1720000072;1088;20241007;0900;CANCELADA
1720000198;1070;20241029;1400;PENDIENTE
1720000010;1079;20241007;1430;PENDIENTE
1720000065;1084;20240113;0930;PENDIENTE
1720000170;1042;20240927;1030;PENDIENTE
1720000005;1057;20240110;1600;PENDIENTE
1720000092;1062;20250723;1100;PENDIENTE
1720000149;1011;20241010;1400;CANCELADA
1720000113;1024;20240921;1200;PENDIENTE
1720000127;1017;20240820;1030;PENDIENTE
1720000159;1084;20240220;1130;PENDIENTE
1720000010;1024;20250602;1600;PENDIENTE
1720000011;1071;20240821;0830;CANCELADA
1720000067;1033;20240117;1430;PENDIENTE
1720000012;1077;20240828;1430;PENDIENTE
1720000130;1057;20240425;0900;PENDIENTE
1720000084;1074;20250115;1530;PENDIENTE
1720000110;1037;20240526;0800;PENDIENTE
1720000093;1043;20250221;1430;PENDIENTE
1720000076;1080;20240201;1030;PENDIENTE
1720000075;1020;20240127;0930;PENDIENTE
1720000081;1066;20250604;1430;CANCELADA
1720000097;1075;20240203;1000;PENDIENTE
1720000167;1011;20240320;1130;PENDIENTE
1720000148;1081;20250715;1530;PENDIENTE
1720000032;1068;20240222;1630;PENDIENTE
1720000134;1057;20241120;1200;PENDIENTE
1720000148;1038;20240906;1400;PENDIENTE
1720000197;1047;20240824;1600;PENDIENTE
1720000030;1089;20240903;1600;PENDIENTE
1720000105;1047;20240322;1430;PENDIENTE
1720000020;1047;20250510;1130;PENDIENTE
1720000108;1030;20240508;1130;PENDIENTE
1720000105;1087;20240521;1200;PENDIENTE
1720000088;1041;20240430;0900;PENDIENTE
1720000130;1019;20250521;1100;CANCELADA
1720000117;1002;20240619;0930;PENDIENTE
1720000196;1071;20250426;0930;PENDIENTE
1720000009;1056;20240125;1030;CANCELADA
1720000034;1066;20250626;1500;CANCELADA
1720000091;1017;20250215;1130;PENDIENTE
1720000031;1044;20241210;0930;CANCELADA
1720000012;1010;20241229;1600;CANCELADA
1720000162;1058;20250322;1230;PENDIENTE
1720000180;1018;20240706;0900;PENDIENTE
1720000002;1076;20250113;1600;PENDIENTE
1720000113;1023;20250604;1200;CANCELADA
1720000025;1030;20241031;1630;PENDIENTE
1720000145;1067;20250621;1530;PENDIENTE
1720000099;1041;20240701;1000;PENDIENTE
1720000189;1094;20240803;1530;PENDIENTE
1720000148;1079;20241117;0930;PENDIENTE
1720000043;1016;20241021;1200;PENDIENTE
1720000058;1022;20241022;1200;CANCELADA
1720000193;1014;20240825;1200;PENDIENTE
1720000053;1071;20250604;1030;PENDIENTE
1720000011;1070;20250704;1100;PENDIENTE
1720000007;1048;20240727;1230;CANCELADA
1720000147;1055;20250331;1000;PENDIENTE
1720000076;1015;20240502;1600;CANCELADA
1720000127;1034;20240329;1000;CANCELADA
1720000188;1086;20240429;1430;PENDIENTE
1720000191;1029;20240317;1400;PENDIENTE
1720000086;1036;20250409;0900;PENDIENTE
1720000081;1005;20250319;0930;CANCELADA
1720000134;1041;20240713;0830;CANCELADA
1720000161;1002;20240908;1000;PENDIENTE
1720000057;1087;20240719;1200;PENDIENTE
1720000125;1024;20250523;1230;PENDIENTE
1720000163;1012;20250612;1100;PENDIENTE
1720000018;1063;20250725;1100;PENDIENTE
1720000010;1054;20240926;1500;PENDIENTE
1720000061;1082;20241223;1630;PENDIENTE
1720000047;1039;20240825;1230;PENDIENTE
1720000126;1081;20250205;1430;PENDIENTE
1720000076;1013;20240812;0930;CANCELADA
1720000194;1098;20241021;1530;CANCELADA
1720000084;1032;20250311;0930;PENDIENTE
1720000082;1085;20240426;1430;PENDIENTE
1720000181;1017;20250510;1630;PENDIENTE
1720000176;1031;20240130;1230;PENDIENTE
1720000056;1053;20240303;1400;PENDIENTE
1720000082;1053;20250204;1600;PENDIENTE
1720000067;1007;20241001;1630;PENDIENTE
1720000087;1082;20240216;1230;PENDIENTE
1720000057;1074;20240619;1100;PENDIENTE
1720000029;1079;20241203;1000;PENDIENTE
1720000006;1093;20240122;1500;PENDIENTE
1720000181;1043;20241227;0900;PENDIENTE
1720000133;1027;20250105;1100;CANCELADA
1720000138;1051;20240822;1230;PENDIENTE
1720000096;1043;20250227;1100;PENDIENTE
1720000064;1002;20240206;0800;PENDIENTE
1720000135;1014;20250528;1500;PENDIENTE
1720000011;1021;20241016;1230;PENDIENTE
1720000162;1099;20240910;0830;PENDIENTE
1720000032;1049;20250214;1000;PENDIENTE
1720000070;1011;20240319;0900;PENDIENTE
1720000181;1098;20250301;0800;PENDIENTE
1720000139;1078;20240604;0930;PENDIENTE
1720000101;1025;20241115;1400;PENDIENTE
1720000191;1003;20241105;1200;PENDIENTE
1720000026;1034;20250427;1500;PENDIENTE
1720000024;1029;20250220;1200;PENDIENTE
1720000180;1069;20250602;1130;PENDIENTE
1720000128;1094;20250207;1430;PENDIENTE
1720000183;1014;20250408;1130;PENDIENTE
1720000007;1051;20240825;1600;PENDIENTE
1720000145;1014;20241114;1400;PENDIENTE
1720000162;1011;20240407;1030;PENDIENTE
1720000126;1076;20240912;0900;PENDIENTE
1720000158;1061;20250619;1130;PENDIENTE
1720000127;1033;20250225;1230;PENDIENTE
1720000039;1005;20241125;1530;CANCELADA
1720000069;1089;20240802;1630;PENDIENTE
1720000081;1084;20240829;1400;PENDIENTE
1720000124;1066;20250722;0900;CANCELADA
1720000109;1090;20240320;1500;PENDIENTE
1720000004;1021;20250616;0930;PENDIENTE
1720000113;1015;20240209;1530;PENDIENTE
1720000161;1068;20250513;1000;PENDIENTE
1720000141;1054;20250212;0800;PENDIENTE
1720000112;1038;20241004;1400;PENDIENTE
1720000096;1073;20240618;1000;PENDIENTE
1720000176;1027;20250115;1200;PENDIENTE
1720000054;1043;20240518;1030;PENDIENTE
1720000122;1002;20241121;1530;PENDIENTE
1720000121;1009;20240106;1230;PENDIENTE
1720000052;1089;20240406;1600;PENDIENTE
1720000016;1080;20250424;1030;PENDIENTE
1720000163;1072;20240819;1430;PENDIENTE
1720000050;1036;20241018;1530;PENDIENTE
1720000079;1048;20250216;1200;PENDIENTE
1720000165;1085;20240726;0900;PENDIENTE
1720000027;1094;20240809;1200;PENDIENTE
1720000145;1014;20240509;1500;PENDIENTE
1720000198;1076;20241010;1630;PENDIENTE
1720000001;1030;20240809;0900;CANCELADA
1720000158;1019;20240526;1030;PENDIENTE
1720000001;1042;20240320;0830;PENDIENTE
1720000113;1055;20250428;1400;PENDIENTE
1720000195;1016;20240903;1500;PENDIENTE
1720000099;1091;20250430;1430;PENDIENTE
1720000134;1041;20250627;0900;CANCELADA
1720000055;1022;20241011;1000;PENDIENTE
1720000144;1057;20250516;1200;PENDIENTE
1720000143;1056;20241222;1030;PENDIENTE
1720000094;1060;20241220;1530;PENDIENTE
1720000144;1025;20250126;1430;PENDIENTE
1720000192;1002;20240719;1600;PENDIENTE
1720000050;1001;20241113;1400;PENDIENTE
1720000095;1033;20250529;0800;PENDIENTE
1720000009;1083;20241008;1630;PENDIENTE
1720000179;1091;20240916;1200;PENDIENTE
1720000147;1004;20250427;1600;PENDIENTE
1720000122;1096;20250712;0930;PENDIENTE
1720000008;1079;20240605;1030;CANCELADA
1720000034;1011;20250305;0930;PENDIENTE
1720000164;1091;20240304;1400;PENDIENTE
1720000140;1036;20240717;0800;PENDIENTE
1720000173;1041;20240622;1430;PENDIENTE
1720000171;1052;20250302;0830;PENDIENTE
1720000195;1065;20240531;1200;PENDIENTE
1720000114;1006;20241009;1100;PENDIENTE
1720000105;1023;20240104;1230;PENDIENTE
1720000090;1016;20241215;1600;PENDIENTE
1720000179;1012;20250419;0900;PENDIENTE
1720000024;1024;20240329;1030;PENDIENTE
1720000161;1003;20240622;0800;PENDIENTE
1720000096;1059;20240324;1130;PENDIENTE
1720000175;1083;20240714;1000;PENDIENTE
1720000098;1091;20241020;1030;PENDIENTE
1720000145;1041;20250227;1130;PENDIENTE
1720000070;1026;20240630;1230;PENDIENTE
1720000113;1034;20240404;1630;PENDIENTE
1720000094;1045;20250619;1600;PENDIENTE
1720000176;1022;20240207;1500;PENDIENTE
1720000146;1027;20250320;1430;PENDIENTE
1720000175;1037;20240731;1400;PENDIENTE
1720000129;1071;20241002;0900;PENDIENTE
1720000054;1034;20240811;1600;PENDIENTE
1720000030;1067;20240709;1630;PENDIENTE
1720000151;1042;20250116;1500;PENDIENTE
1720000009;1042;20240417;1430;CANCELADA
1720000003;1021;20250307;1630;PENDIENTE
1720000166;1013;20240710;1430;PENDIENTE
1720000120;1070;20240709;0800;PENDIENTE
1720000158;1059;20250321;1500;PENDIENTE
1720000063;1033;20250117;1400;PENDIENTE
1720000103;1039;20240211;1130;PENDIENTE
1720000130;1014;20250307;1530;PENDIENTE
1720000148;1052;20240130;1030;PENDIENTE
1720000077;1077;20250620;1100;CANCELADA
1720000146;1097;20240522;1000;PENDIENTE
1720000014;1012;20241112;1000;PENDIENTE
1720000118;1051;20240618;1600;PENDIENTE
1720000038;1026;20240625;1230;PENDIENTE
1720000048;1031;20240727;1530;PENDIENTE
1720000063;1020;20250722;1430;PENDIENTE
1720000041;1045;20240412;1630;PENDIENTE
1720000101;1090;20240805;1630;PENDIENTE
1720000119;1091;20240905;0930;PENDIENTE
1720000082;1098;20240516;1500;PENDIENTE
1720000073;1087;20250310;1500;PENDIENTE
1720000089;1063;20240128;1130;CANCELADA
1720000046;1099;20240828;1430;PENDIENTE
1720000129;1001;20250211;0900;PENDIENTE
1720000036;1064;20240711;0830;PENDIENTE
1720000112;1012;20241213;1500;PENDIENTE
1720000109;1020;20241018;1230;PENDIENTE
1720000124;1005;20240924;1530;PENDIENTE
1720000102;1088;20250613;0930;PENDIENTE
1720000022;1045;20240413;1500;PENDIENTE
1720000004;1021;20241122;1000;PENDIENTE
1720000099;1088;20250410;0800;PENDIENTE
1720000172;1052;20250308;0830;PENDIENTE
1720000067;1095;20240428;1600;PENDIENTE
1720000200;1061;20241209;1430;PENDIENTE
1720000046;1055;20250628;1500;CANCELADA
1720000021;1020;20240108;1400;CANCELADA
1720000182;1076;20240921;1100;PENDIENTE
1720000158;1094;20250410;1530;PENDIENTE
1720000073;1006;20240504;1630;PENDIENTE
1720000013;1077;20250113;1200;PENDIENTE
1720000173;1038;20240125;1200;PENDIENTE
1720000092;1054;20240118;1600;PENDIENTE
1720000163;1005;20240424;1430;PENDIENTE
1720000137;1095;20250209;1130;PENDIENTE
1720000137;1013;20240509;1000;PENDIENTE
1720000111;1036;20241219;1600;PENDIENTE
1720000063;1094;20250620;1600;PENDIENTE
1720000084;1048;20240209;1000;PENDIENTE
1720000186;1082;20240413;1500;PENDIENTE
1720000186;1011;20241211;1230;PENDIENTE
1720000006;1024;20240920;0900;PENDIENTE
1720000111;1015;20240715;1200;CANCELADA
1720000158;1066;20250706;1130;PENDIENTE
1720000013;1048;20250429;1100;PENDIENTE
1720000112;1036;20240709;1200;PENDIENTE
1720000012;1078;20250212;1030;PENDIENTE
1720000070;1001;20250220;1100;PENDIENTE
1720000107;1085;20240512;1200;PENDIENTE
1720000154;1082;20241121;0930;PENDIENTE
1720000005;1091;20241128;1130;PENDIENTE
1720000074;1094;20250416;1530;PENDIENTE
1720000085;1070;20250202;1630;CANCELADA
1720000004;1044;20241214;1400;PENDIENTE
1720000114;1020;20250418;1630;PENDIENTE
1720000179;1022;20250203;1200;PENDIENTE
1720000170;1074;20240321;1630;PENDIENTE
1720000089;1011;20240731;1430;PENDIENTE
1720000193;1041;20250407;1600;PENDIENTE
1720000160;1075;20240619;1430;PENDIENTE
1720000107;1098;20240124;1230;PENDIENTE
1720000126;1031;20250119;1000;PENDIENTE
1720000032;1013;20250209;1100;PENDIENTE
1720000029;1074;20241023;1030;CANCELADA
1720000197;1100;20250214;1530;PENDIENTE
1720000056;1054;20241012;1400;PENDIENTE
1720000162;1014;20241121;1500;PENDIENTE
1720000104;1064;20250420;1230;PENDIENTE
1720000116;1021;20240630;1500;PENDIENTE
1720000137;1043;20250420;1030;PENDIENTE
1720000026;1050;20250304;1530;PENDIENTE
1720000163;1004;20240817;1000;PENDIENTE
1720000129;1011;20250222;0800;PENDIENTE
1720000064;1022;20250428;0900;CANCELADA
1720000006;1096;20250202;1100;CANCELADA
1720000042;1059;20250112;1130;PENDIENTE
1720000183;1026;20241126;1000;PENDIENTE
1720000008;1027;20250417;1600;PENDIENTE
1720000155;1057;20240904;1030;CANCELADA
1720000129;1083;20240423;1400;CANCELADA
1720000041;1032;20250418;0900;PENDIENTE
1720000009;1088;20250220;1630;CANCELADA
1720000019;1054;20240923;0930;PENDIENTE
1720000156;1083;20250630;0800;PENDIENTE
1720000186;1008;20241026;1500;PENDIENTE
1720000186;1099;20240210;1430;PENDIENTE
1720000131;1081;20250326;1530;PENDIENTE
1720000027;1019;20240925;0930;PENDIENTE
1720000094;1053;20241213;1000;CANCELADA
1720000124;1027;20240927;0930;PENDIENTE
1720000178;1010;20250414;1630;PENDIENTE
1720000194;1034;20241216;1230;PENDIENTE
1720000085;1058;20240921;1200;PENDIENTE
1720000195;1018;20240531;1230;PENDIENTE
1720000095;1073;20250106;1230;PENDIENTE
1720000184;1021;20241108;1630;PENDIENTE
1720000173;1038;20240607;1000;PENDIENTE
1720000075;1050;20240920;1130;PENDIENTE
1720000055;1075;20241106;1000;PENDIENTE
1720000067;1047;20250604;1500;PENDIENTE
1720000044;1045;20240608;1400;PENDIENTE
1720000097;1063;20240622;1630;PENDIENTE
1720000098;1002;20240307;1400;PENDIENTE
1720000053;1029;20240602;1200;PENDIENTE
1720000187;1016;20240720;1430;PENDIENTE
1720000146;1082;20240113;1130;PENDIENTE
1720000094;1086;20240203;1500;PENDIENTE
1720000085;1065;20240309;1200;PENDIENTE
1720000137;1095;20250704;0900;CANCELADA
1720000015;1058;20250619;1130;PENDIENTE
1720000190;1024;20240907;1130;PENDIENTE
1720000117;1023;20240211;1200;PENDIENTE
1720000024;1096;20240713;0900;CANCELADA
1720000034;1067;20241106;0830;PENDIENTE
1720000063;1075;20250503;1600;PENDIENTE
1720000014;1041;20240315;1100;PENDIENTE
1720000114;1011;20250502;1100;PENDIENTE
1720000151;1028;20250513;1230;PENDIENTE
1720000149;1056;20240424;1600;PENDIENTE
1720000050;1076;20250412;0800;PENDIENTE
1720000105;1077;20241004;1630;PENDIENTE
1720000085;1065;20250509;1230;CANCELADA
1720000077;1034;20250628;1130;PENDIENTE
1720000174;1072;20250530;1230;PENDIENTE
1720000029;1097;20240705;1630;PENDIENTE
1720000131;1061;20250522;1030;PENDIENTE
1720000195;1056;20241107;0930;CANCELADA
1720000114;1044;20250705;1030;PENDIENTE
1720000028;1098;20240825;1100;PENDIENTE
1720000079;1041;20250627;1630;PENDIENTE
1720000077;1079;20240803;1000;PENDIENTE
1720000050;1099;20250209;1030;CANCELADA
1720000157;1085;20240609;1400;CANCELADA
1720000122;1084;20250302;1200;PENDIENTE
1720000068;1061;20241106;1430;PENDIENTE
1720000086;1094;20241228;1400;PENDIENTE
1720000109;1073;20250206;1530;PENDIENTE
1720000104;1008;20250222;1430;PENDIENTE
1720000036;1059;20241007;0800;PENDIENTE
1720000052;1027;20240919;1230;PENDIENTE
1720000007;1042;20250313;1500;PENDIENTE
1720000144;1095;20240723;1100;PENDIENTE
1720000113;1036;20240419;0900;PENDIENTE
1720000084;1093;20250506;1630;CANCELADA
1720000012;1100;20250203;1630;PENDIENTE
1720000156;1076;20250119;0830;PENDIENTE
1720000164;1044;20241009;1430;PENDIENTE
1720000073;1015;20250428;1000;CANCELADA
1720000019;1042;20250227;1000;CANCELADA
1720000151;1039;20240723;0900;PENDIENTE
1720000084;1074;20250713;1200;PENDIENTE
1720000075;1089;20240123;1000;PENDIENTE
1720000018;1090;20241117;1430;CANCELADA
1720000115;1096;20240807;1030;PENDIENTE
1720000059;1059;20250105;1400;PENDIENTE
1720000181;1034;20240918;0800;PENDIENTE
1720000165;1053;20250313;1500;PENDIENTE
1720000013;1068;20240302;1430;PENDIENTE
1720000112;1005;20250531;1400;PENDIENTE
1720000126;1037;20241207;0900;PENDIENTE
1720000145;1012;20250725;0930;PENDIENTE
1720000132;1012;20250424;1100;PENDIENTE
1720000197;1088;20250317;1200;PENDIENTE
1720000190;1020;20241204;0900;PENDIENTE
1720000148;1044;20250409;1530;CANCELADA
1720000103;1074;20241027;0800;PENDIENTE
1720000100;1003;20240109;1130;PENDIENTE
1720000039;1034;20240816;1400;PENDIENTE
1720000168;1086;20240724;1430;CANCELADA
1720000184;1074;20240605;1100;PENDIENTE
1720000053;1040;20240704;0930;PENDIENTE
1720000155;1006;20240510;1430;CANCELADA
1720000084;1041;20240823;1100;PENDIENTE
1720000042;1055;20241004;1130;CANCELADA
1720000056;1099;20241229;0800;PENDIENTE
1720000113;1016;20250119;0800;PENDIENTE
1720000191;1095;20240801;1500;PENDIENTE
1720000113;1052;20240722;1100;PENDIENTE
1720000152;1016;20240405;1030;PENDIENTE
1720000149;1093;20250612;0930;PENDIENTE
1720000054;1016;20250515;1430;PENDIENTE
1720000082;1054;20240714;1100;CANCELADA
1720000130;1047;20250504;1200;PENDIENTE
1720000117;1003;20240108;1500;PENDIENTE
1720000103;1013;20241229;1430;CANCELADA
1720000017;1056;20241103;1130;CANCELADA
1720000022;1084;20250203;1630;PENDIENTE
1720000071;1094;20241127;0830;PENDIENTE
1720000064;1023;20250801;0800;PENDIENTE
1720000040;1018;20250426;0830;PENDIENTE
1720000054;1095;20241027;1430;PENDIENTE
1720000041;1054;20240625;1030;CANCELADA
1720000039;1095;20240704;1430;CANCELADA
1720000029;1021;20240131;1630;PENDIENTE
1720000104;1081;20250117;1200;PENDIENTE
1720000008;1004;20241205;0800;CANCELADA
1720000009;1095;20240527;1530;PENDIENTE
1720000097;1098;20250621;1030;PENDIENTE
1720000004;1045;20240816;0900;PENDIENTE
1720000017;1015;20250502;1600;CANCELADA
1720000138;1057;20240517;0800;PENDIENTE
1720000121;1033;20240511;1400;PENDIENTE
1720000094;1079;20240408;1630;PENDIENTE
1720000147;1026;20240508;1130;PENDIENTE
1720000037;1029;20240325;0930;PENDIENTE
1720000073;1079;20240417;1130;PENDIENTE
1720000048;1094;20241104;1400;PENDIENTE
1720000119;1086;20250616;1200;PENDIENTE
1720000034;1042;20250308;1430;PENDIENTE
1720000149;1095;20240205;1500;PENDIENTE
1720000051;1024;20240115;1000;PENDIENTE
1720000061;1021;20250210;1400;PENDIENTE
1720000124;1062;20241218;1100;PENDIENTE
1720000148;1052;20250407;1100;PENDIENTE
1720000068;1070;20250326;0930;PENDIENTE
1720000168;1099;20250610;1400;PENDIENTE
1720000048;1033;20241215;1630;PENDIENTE
1720000117;1085;20240408;1400;PENDIENTE
1720000068;1009;20250109;1530;PENDIENTE
1720000140;1017;20240406;1130;CANCELADA
1720000029;1016;20250717;1230;PENDIENTE
1720000089;1040;20250408;1530;PENDIENTE
1720000022;1065;20240705;1500;PENDIENTE
1720000131;1025;20240525;1130;PENDIENTE
1720000051;1094;20241228;1000;PENDIENTE
1720000136;1068;20240218;1430;PENDIENTE
1720000178;1068;20240619;1430;PENDIENTE
1720000175;1022;20240819;1000;PENDIENTE
1720000157;1055;20240726;1200;PENDIENTE
1720000103;1038;20250203;1530;CANCELADA
1720000120;1042;20240519;1230;PENDIENTE
1720000065;1091;20250723;1230;PENDIENTE
1720000188;1079;20240309;0830;PENDIENTE
1720000036;1019;20250507;1030;PENDIENTE
1720000063;1051;20240612;1530;PENDIENTE
1720000050;1032;20241224;0900;PENDIENTE
1720000071;1018;20250215;0930;PENDIENTE
1720000150;1087;20240604;1100;PENDIENTE
1720000173;1036;20241201;0800;PENDIENTE
1720000134;1040;20250620;0930;PENDIENTE
1720000154;1061;20240825;1600;PENDIENTE
1720000032;1070;20250410;1000;PENDIENTE
1720000194;1093;20241215;1200;CANCELADA
1720000011;1049;20240918;0930;PENDIENTE
1720000110;1075;20240621;1630;PENDIENTE
1720000058;1067;20240415;0900;CANCELADA
1720000155;1077;20250106;1130;CANCELADA
1720000171;1064;20250318;1530;PENDIENTE
1720000027;1099;20241013;1200;CANCELADA
1720000164;1066;20241202;1530;PENDIENTE
1720000065;1046;20240326;0800;PENDIENTE
1720000125;1032;20250521;1130;PENDIENTE
1720000171;1035;20240416;1630;PENDIENTE
1720000145;1049;20250615;1500;PENDIENTE
1720000028;1076;20240410;0930;PENDIENTE
1720000196;1031;20250104;1530;PENDIENTE
1720000184;1096;20240210;1430;PENDIENTE
1720000113;1059;20250619;0830;CANCELADA
1720000161;1096;20250318;0800;PENDIENTE
1720000047;1004;20241202;0930;PENDIENTE
1720000106;1004;20250412;1200;PENDIENTE
1720000175;1045;20241226;1130;PENDIENTE
1720000013;1042;20250414;1200;PENDIENTE
1720000042;1027;20250725;1400;PENDIENTE
1720000193;1045;20240625;1630;CANCELADA
1720000086;1046;20250705;1130;PENDIENTE
1720000079;1013;20240402;1500;PENDIENTE
1720000128;1082;20240709;1500;PENDIENTE
1720000182;1063;20241225;1400;PENDIENTE
1720000093;1097;20240612;1030;PENDIENTE
1720000029;1025;20241113;1230;PENDIENTE
1720000138;1023;20250211;0900;PENDIENTE
1720000024;1092;20250218;1200;PENDIENTE
1720000088;1069;20241228;1500;PENDIENTE
1720000099;1014;20241027;0900;PENDIENTE
1720000058;1057;20240211;1130;PENDIENTE
1720000171;1036;20240127;1630;PENDIENTE
1720000178;1029;20240908;1130;PENDIENTE
1720000056;1019;20240113;1230;PENDIENTE
1720000006;1079;20250509;1600;PENDIENTE
1720000142;1073;20240715;1530;PENDIENTE
1720000133;1075;20250213;1500;PENDIENTE
1720000181;1047;20240926;1530;PENDIENTE
1720000061;1041;20250707;1430;PENDIENTE
1720000178;1018;20241125;1130;PENDIENTE
1720000149;1017;20240408;1630;PENDIENTE
1720000027;1078;20240821;1430;PENDIENTE
1720000166;1071;20240817;1600;PENDIENTE
1720000014;1059;20250324;1630;PENDIENTE
1720000017;1022;20240123;1600;PENDIENTE
1720000015;1045;20250503;1000;PENDIENTE
1720000091;1009;20241009;1200;CANCELADA
1720000187;1004;20250517;1530;PENDIENTE
1720000035;1051;20240808;1600;PENDIENTE
1720000179;1087;20241107;1400;PENDIENTE
1720000131;1053;20240527;1400;CANCELADA
1720000157;1007;20250101;0930;PENDIENTE
1720000019;1079;20240306;1530;PENDIENTE
1720000188;1025;20240911;1030;PENDIENTE
1720000008;1084;20250521;0930;PENDIENTE
1720000025;1052;20250131;1530;PENDIENTE
1720000122;1018;20241217;1030;PENDIENTE
1720000091;1023;20250316;1200;PENDIENTE
1720000048;1034;20250215;1100;PENDIENTE
1720000166;1082;20240324;1400;PENDIENTE
1720000025;1068;20240920;0800;CANCELADA
1720000016;1072;20240301;1430;PENDIENTE
1720000001;1068;20240113;0800;PENDIENTE
1720000079;1004;20250730;1430;CANCELADA
1720000045;1025;20250525;1030;PENDIENTE
1720000089;1013;20240607;1430;PENDIENTE
1720000113;1091;20240630;1000;PENDIENTE
1720000114;1004;20240209;0930;PENDIENTE
1720000080;1038;20240420;1430;PENDIENTE
1720000152;1067;20240620;0930;PENDIENTE
1720000155;1020;20241211;1600;CANCELADA
1720000141;1050;20250403;0930;PENDIENTE
1720000017;1044;20240909;1430;PENDIENTE
1720000126;1025;20250217;0830;PENDIENTE
1720000123;1085;20240411;0900;PENDIENTE
1720000083;1068;20250730;1500;PENDIENTE
1720000165;1026;20241016;1400;PENDIENTE
1720000196;1026;20241026;1530;PENDIENTE
1720000097;1011;20250517;0800;PENDIENTE
1720000083;1072;20250510;1500;PENDIENTE
1720000198;1037;20240226;0830;PENDIENTE
1720000023;1040;20250709;1030;PENDIENTE
1720000190;1007;20250701;0800;PENDIENTE
1720000078;1050;20240711;1430;CANCELADA
1720000014;1088;20250320;1030;PENDIENTE
1720000175;1090;20240215;1100;PENDIENTE
1720000048;1029;20241123;0900;PENDIENTE
1720000127;1027;20240116;0830;CANCELADA
1720000053;1089;20240429;1230;PENDIENTE
1720000062;1085;20241204;1030;CANCELADA
1720000059;1048;20250215;0830;PENDIENTE
1720000154;1032;20240921;1530;PENDIENTE
1720000182;1081;20241113;1100;CANCELADA
1720000168;1095;20241006;1530;PENDIENTE
1720000107;1053;20250121;1200;PENDIENTE
1720000049;1100;20250514;1200;PENDIENTE
1720000161;1089;20250208;0830;PENDIENTE
1720000115;1017;20240816;0900;PENDIENTE
1720000030;1021;20250515;0900;PENDIENTE
1720000084;1022;20240919;1500;PENDIENTE
1720000074;1037;20240924;0930;PENDIENTE
1720000102;1026;20240329;1630;PENDIENTE
1720000133;1005;20250425;1630;PENDIENTE
1720000059;1005;20250201;1030;PENDIENTE
1720000178;1009;20240904;1530;PENDIENTE
1720000113;1095;20240526;1600;PENDIENTE
1720000011;1085;20250530;1100;PENDIENTE
1720000186;1041;20240214;0800;CANCELADA
1720000088;1033;20240628;1430;PENDIENTE
1720000165;1008;20250204;1500;PENDIENTE
1720000075;1065;20240306;1130;PENDIENTE
1720000050;1043;20250325;0800;CANCELADA
1720000018;1032;20250625;1230;PENDIENTE
1720000037;1071;20241121;0830;PENDIENTE
1720000017;1053;20250614;0800;PENDIENTE
1720000044;1093;20241125;1430;PENDIENTE
1720000027;1088;20240827;0800;PENDIENTE
1720000145;1008;20250131;0930;CANCELADA
1720000196;1081;20240206;0900;PENDIENTE
1720000122;1074;20250130;1230;PENDIENTE
1720000100;1058;20240831;1630;PENDIENTE
1720000089;1082;20250410;1630;CANCELADA
1720000040;1059;20250703;1430;PENDIENTE
1720000074;1082;20240627;1500;CANCELADA
1720000042;1048;20240122;1530;PENDIENTE
1720000037;1006;20250415;1530;PENDIENTE
1720000139;1030;20250215;1000;PENDIENTE
1720000091;1027;20250219;1530;CANCELADA
1720000118;1094;20250408;1600;CANCELADA
1720000119;1047;20241211;1400;PENDIENTE
1720000035;1093;20250626;1100;PENDIENTE
1720000183;1025;20240718;1430;CANCELADA
1720000141;1098;20250222;1430;PENDIENTE
1720000055;1051;20240524;1630;PENDIENTE
1720000167;1058;20241103;1530;PENDIENTE
1720000056;1044;20250718;1030;PENDIENTE
1720000133;1056;20240703;1600;PENDIENTE
1720000053;1050;20240625;1200;CANCELADA
1720000175;1073;20240608;1500;PENDIENTE
1720000051;1020;20250225;1400;PENDIENTE
1720000190;1017;20250513;1400;PENDIENTE
1720000196;1079;20250627;0830;PENDIENTE
1720000017;1011;20240122;0800;CANCELADA
1720000014;1043;20240402;1400;CANCELADA
1720000092;1026;20240603;1100;PENDIENTE
1720000017;1047;20241119;1600;PENDIENTE
1720000181;1023;20241023;1230;PENDIENTE
1720000144;1021;20240604;1030;PENDIENTE
1720000137;1080;20250223;1030;PENDIENTE
1720000161;1061;20241014;1130;CANCELADA
1720000170;1019;20250331;0930;PENDIENTE
1720000035;1049;20250429;1500;PENDIENTE
1720000197;1003;20250106;1600;PENDIENTE
1720000047;1058;20240121;1630;CANCELADA
1720000146;1045;20241213;0900;CANCELADA
1720000018;1023;20240518;1230;PENDIENTE
1720000039;1015;20240720;1400;PENDIENTE
1720000022;1046;20250521;0800;PENDIENTE
1720000152;1054;20240622;1430;CANCELADA
1720000050;1066;20241013;0800;PENDIENTE
1720000043;1007;20240901;1230;PENDIENTE
1720000111;1044;20240211;1200;PENDIENTE
1720000195;1085;20250414;0900;PENDIENTE
1720000009;1017;20240111;0800;PENDIENTE
1720000052;1061;20250124;1500;PENDIENTE
1720000173;1035;20250119;1400;PENDIENTE
1720000132;1055;20250220;1400;PENDIENTE
1720000089;1093;20240924;1100;PENDIENTE
1720000069;1011;20250405;0900;PENDIENTE
1720000082;1066;20240426;0800;PENDIENTE
1720000196;1014;20240905;0900;PENDIENTE
1720000017;1020;20240830;0900;CANCELADA
1720000003;1093;20240114;1400;CANCELADA
1720000159;1010;20240608;1600;PENDIENTE
1720000085;1086;20240418;0930;PENDIENTE
1720000036;1026;20240324;1030;PENDIENTE
1720000024;1001;20250319;1130;PENDIENTE
1720000184;1011;20250131;1400;PENDIENTE
1720000050;1061;20240721;1630;PENDIENTE
1720000048;1061;20241021;0830;PENDIENTE
1720000130;1001;20240322;1030;CANCELADA
1720000068;1019;20250709;1100;PENDIENTE
1720000180;1098;20240318;1100;PENDIENTE
1720000083;1097;20240821;1030;PENDIENTE
1720000152;1038;20250226;1230;PENDIENTE
1720000065;1045;20240903;0800;PENDIENTE
1720000175;1033;20241015;1030;PENDIENTE
1720000017;1064;20241218;0830;PENDIENTE
1720000111;1011;20250401;0800;CANCELADA
1720000173;1012;20241122;1430;PENDIENTE
1720000156;1087;20240308;1200;PENDIENTE
1720000082;1058;20250101;1630;PENDIENTE
1720000077;1098;20250515;1400;PENDIENTE
1720000191;1025;20240821;1030;PENDIENTE
1720000091;1053;20250421;1600;PENDIENTE
1720000104;1060;20250420;1600;PENDIENTE
1720000189;1097;20250129;1530;CANCELADA
1720000036;1041;20250125;1000;PENDIENTE
1720000004;1056;20240625;1000;PENDIENTE
1720000048;1028;20240407;0800;PENDIENTE
1720000039;1035;20241211;1100;PENDIENTE
1720000101;1021;20241106;1200;PENDIENTE
1720000125;1078;20250526;1530;PENDIENTE
1720000041;1063;20240302;1430;CANCELADA
1720000018;1042;20250503;1230;PENDIENTE
1720000133;1064;20240809;1530;PENDIENTE
1720000079;1081;20240611;1400;PENDIENTE
1720000176;1080;20250315;0930;PENDIENTE
1720000136;1037;20241215;1430;PENDIENTE
1720000033;1048;20250801;1630;PENDIENTE
1720000115;1048;20250303;1130;PENDIENTE
1720000084;1089;20240827;1400;PENDIENTE
1720000122;1036;20250722;1400;PENDIENTE
1720000085;1090;20240718;1000;CANCELADA
1720000162;1074;20240822;1130;PENDIENTE
1720000064;1063;20250730;1630;CANCELADA
1720000081;1066;20240407;1500;PENDIENTE
1720000160;1042;20240324;1630;PENDIENTE
1720000187;1035;20240309;1600;PENDIENTE
1720000050;1099;20241009;1000;PENDIENTE
1720000200;1008;20250430;1130;PENDIENTE
1720000001;1042;20241230;1630;PENDIENTE
1720000070;1041;20250511;1400;PENDIENTE
1720000138;1026;20240711;0930;PENDIENTE
1720000016;1095;20240718;1230;PENDIENTE
1720000097;1055;20240112;1230;PENDIENTE
1720000037;1038;20240126;0800;PENDIENTE
1720000196;1054;20240321;1430;PENDIENTE
1720000038;1058;20250126;1030;PENDIENTE
1720000195;1041;20240420;1200;PENDIENTE
1720000051;1091;20250409;1230;PENDIENTE
1720000033;1042;20240118;0930;PENDIENTE
1720000084;1071;20250503;1430;PENDIENTE
1720000185;1049;20250717;0800;PENDIENTE
1720000166;1042;20250209;1030;PENDIENTE
1720000195;1005;20241016;1400;PENDIENTE
1720000146;1006;20250607;0830;PENDIENTE
1720000183;1017;20250523;0900;CANCELADA
1720000036;1020;20240414;1030;CANCELADA
1720000061;1012;20250103;1430;PENDIENTE
1720000106;1044;20240312;1630;PENDIENTE
1720000016;1068;20250302;1500;PENDIENTE
1720000141;1012;20240731;1600;PENDIENTE
1720000196;1034;20240820;1130;PENDIENTE
1720000175;1072;20240125;0830;PENDIENTE
1720000179;1029;20250505;0830;PENDIENTE
1720000195;1030;20240605;1000;PENDIENTE
1720000083;1050;20250209;0800;PENDIENTE
1720000075;1064;20240125;1530;PENDIENTE
1720000011;1026;20240206;1100;PENDIENTE
1720000126;1001;20241223;0900;PENDIENTE
1720000095;1066;20240617;1500;PENDIENTE
1720000138;1001;20241015;1200;PENDIENTE
1720000131;1050;20240612;1100;PENDIENTE
1720000066;1043;20240719;1400;CANCELADA
1720000101;1016;20241019;1600;PENDIENTE
1720000155;1084;20250608;1500;PENDIENTE
1720000029;1006;20250131;0930;PENDIENTE
1720000053;1026;20241101;1100;CANCELADA
1720000078;1047;20250419;0830;PENDIENTE
1720000059;1073;20240915;1100;PENDIENTE
1720000080;1002;20240809;1030;CANCELADA
1720000053;1064;20250201;1400;PENDIENTE
1720000101;1078;20240618;1630;PENDIENTE
1720000153;1037;20240911;0900;PENDIENTE
1720000001;1004;20240221;0800;CANCELADA
1720000001;1039;20250331;1500;PENDIENTE
1720000041;1013;20240224;1430;PENDIENTE
1720000049;1055;20250116;0900;PENDIENTE
1720000168;1003;20241031;0830;CANCELADA
1720000078;1019;20240926;1600;CANCELADA
1720000053;1016;20240201;1630;PENDIENTE
1720000029;1012;20240828;1600;CANCELADA
1720000149;1089;20250724;1200;PENDIENTE
1720000180;1073;20250506;0900;PENDIENTE
1720000040;1028;20240307;1500;PENDIENTE
1720000008;1005;20250524;1530;PENDIENTE
1720000106;1023;20240114;0830;PENDIENTE
1720000198;1036;20241015;1630;PENDIENTE
1720000069;1004;20241005;1100;PENDIENTE
1720000115;1001;20240215;1530;PENDIENTE
1720000180;1063;20240825;0830;PENDIENTE
1720000023;1077;20250111;1600;PENDIENTE
1720000140;1021;20250117;1430;PENDIENTE
1720000139;1019;20241124;1430;PENDIENTE
1720000149;1052;20250116;1600;CANCELADA
1720000197;1038;20240531;1630;PENDIENTE
1720000105;1047;20250318;0900;PENDIENTE
1720000036;1043;20250102;1600;PENDIENTE
1720000139;1088;20240617;0830;PENDIENTE
1720000161;1019;20241215;1030;CANCELADA
1720000147;1018;20240729;1500;PENDIENTE
1720000108;1015;20250528;0830;PENDIENTE
1720000148;1001;20240917;1030;PENDIENTE
1720000176;1091;20241208;1630;PENDIENTE
1720000188;1048;20250715;1500;PENDIENTE
1720000101;1029;20241225;1530;PENDIENTE
1720000028;1029;20250409;1000;PENDIENTE
1720000193;1025;20240101;0930;PENDIENTE
1720000019;1089;20241109;1130;PENDIENTE
1720000078;1027;20250708;0930;CANCELADA
1720000049;1004;20240117;0800;PENDIENTE
1720000054;1024;20240314;0900;PENDIENTE
1720000031;1055;20250101;1500;PENDIENTE
1720000153;1039;20241217;1500;PENDIENTE
1720000078;1055;20250504;0830;PENDIENTE
1720000009;1064;20241123;1430;PENDIENTE
1720000180;1061;20250127;0930;PENDIENTE
1720000151;1080;20241225;1630;CANCELADA
1720000098;1005;20250514;0900;PENDIENTE
1720000140;1012;20240325;1130;PENDIENTE
1720000184;1081;20240406;1600;PENDIENTE
1720000087;1031;20250425;0830;PENDIENTE
1720000142;1100;20250407;1100;PENDIENTE
1720000025;1002;20240511;0800;CANCELADA
1720000114;1009;20250529;1030;PENDIENTE
1720000179;1073;20250201;0830;PENDIENTE
1720000031;1090;20250613;1630;PENDIENTE
1720000116;1038;20240615;0830;PENDIENTE
1720000085;1055;20240422;1000;CANCELADA
1720000020;1026;20250508;1630;PENDIENTE
1720000100;1100;20240629;1500;PENDIENTE
1720000047;1029;20241214;1630;PENDIENTE
1720000114;1090;20240428;0930;PENDIENTE
1720000034;1095;20250730;0800;PENDIENTE
1720000094;1090;20250316;0800;PENDIENTE
1720000178;1048;20250710;0930;PENDIENTE
1720000009;1036;20250322;1530;PENDIENTE
1720000023;1034;20250101;1630;PENDIENTE
1720000063;1018;20240503;0800;PENDIENTE
1720000147;1024;20240720;1600;PENDIENTE
1720000140;1048;20250724;1200;PENDIENTE
1720000169;1024;20250227;0930;PENDIENTE
1720000060;1026;20240530;1230;PENDIENTE
1720000180;1051;20240112;1430;PENDIENTE
1720000004;1015;20250621;1200;PENDIENTE
1720000003;1039;20240520;1400;CANCELADA
1720000123;1028;20240712;1630;PENDIENTE
1720000055;1013;20240625;1500;PENDIENTE
1720000161;1070;20240313;1000;PENDIENTE
1720000131;1019;20240310;1630;PENDIENTE
1720000019;1073;20240617;1130;PENDIENTE
1720000106;1081;20250105;1130;PENDIENTE
1720000105;1008;20250318;0830;CANCELADA
1720000200;1051;20240129;1100;PENDIENTE
1720000096;1051;20250405;1130;PENDIENTE
1720000033;1062;20250605;1530;PENDIENTE
1720000194;1082;20240610;1130;PENDIENTE
1720000074;1064;20240317;1530;PENDIENTE
1720000107;1009;20250729;0900;PENDIENTE
1720000199;1019;20240210;1430;PENDIENTE
1720000072;1060;20241215;1230;PENDIENTE
1720000155;1042;20241111;1630;PENDIENTE
1720000099;1097;20250727;1000;PENDIENTE
1720000024;1089;20250516;1400;PENDIENTE
1720000158;1081;20240305;1200;PENDIENTE
1720000070;1037;20250609;1130;PENDIENTE
1720000083;1031;20240714;1430;CANCELADA
1720000050;1043;20250614;1530;PENDIENTE
1720000154;1055;20240711;1000;PENDIENTE
1720000177;1038;20240713;1430;PENDIENTE
1720000142;1042;20240728;1600;PENDIENTE
1720000045;1016;20241025;1130;PENDIENTE
1720000163;1044;20240706;1630;PENDIENTE
1720000101;1062;20241004;1600;PENDIENTE
1720000038;1033;20240314;1200;PENDIENTE
1720000097;1071;20250206;0800;PENDIENTE
1720000066;1064;20250410;1200;PENDIENTE
1720000108;1026;20240929;0830;CANCELADA
1720000161;1063;20240420;1630;PENDIENTE
1720000081;1016;20240523;1030;PENDIENTE
1720000195;1007;20240212;0900;PENDIENTE
1720000141;1069;20241001;1000;PENDIENTE
1720000191;1088;20250309;1100;PENDIENTE
1720000170;1073;20240302;0800;PENDIENTE
1720000160;1093;20241010;1230;PENDIENTE
1720000060;1029;20240930;1430;PENDIENTE
1720000039;1003;20250720;1400;PENDIENTE
1720000044;1050;20240727;0800;CANCELADA
1720000024;1074;20241003;1630;PENDIENTE
1720000064;1053;20240814;1130;PENDIENTE
1720000043;1023;20240813;1200;PENDIENTE
1720000062;1086;20241111;1530;PENDIENTE
1720000154;1050;20250401;1100;PENDIENTE
1720000021;1053;20250330;1600;PENDIENTE
1720000099;1079;20250124;0800;PENDIENTE
1720000070;1027;20250518;1530;PENDIENTE
1720000135;1044;20241125;0800;PENDIENTE
1720000158;1050;20250328;1100;PENDIENTE
1720000181;1010;20250121;1030;PENDIENTE
1720000054;1028;20241117;1430;PENDIENTE
1720000064;1092;20241024;1130;PENDIENTE
1720000121;1004;20250730;1130;PENDIENTE
1720000017;1058;20240123;1500;PENDIENTE
1720000093;1049;20240121;1630;PENDIENTE
1720000115;1055;20240401;1530;PENDIENTE
1720000059;1035;20250110;1200;PENDIENTE
1720000044;1029;20250613;1100;PENDIENTE
1720000098;1047;20240219;1130;PENDIENTE
1720000041;1012;20250720;0830;PENDIENTE
1720000135;1033;20250408;1000;PENDIENTE
1720000112;1036;20240709;1130;PENDIENTE
1720000043;1067;20240309;1130;CANCELADA
1720000159;1007;20240629;1230;PENDIENTE
1720000109;1022;20240829;0800;PENDIENTE
1720000051;1078;20240319;0900;PENDIENTE
1720000069;1023;20250630;0930;PENDIENTE
1720000142;1098;20250112;1030;PENDIENTE
1720000048;1032;20240109;1400;CANCELADA
1720000197;1035;20250609;0800;PENDIENTE
1720000015;1051;20240518;1030;PENDIENTE
1720000040;1017;20240904;1430;PENDIENTE
1720000072;1060;20240908;1600;PENDIENTE
1720000029;1092;20240911;1030;PENDIENTE
1720000194;1006;20240309;1500;PENDIENTE
1720000074;1059;20250625;1630;PENDIENTE
1720000102;1071;20250708;1500;CANCELADA
1720000120;1083;20250616;1430;PENDIENTE
1720000148;1092;20250218;1200;PENDIENTE
1720000105;1022;20250530;1630;PENDIENTE
1720000010;1027;20240316;1430;PENDIENTE
1720000030;1078;20250226;1500;PENDIENTE
1720000096;1004;20241118;1630;PENDIENTE
1720000005;1028;20250321;1000;PENDIENTE
1720000152;1098;20240523;1230;PENDIENTE
1720000037;1003;20240820;1600;PENDIENTE
1720000103;1060;20250421;1430;CANCELADA
1720000119;1017;20250301;0830;PENDIENTE
1720000038;1082;20240413;1230;PENDIENTE
1720000090;1060;20250130;1530;PENDIENTE
1720000076;1046;20250608;1630;PENDIENTE
1720000123;1009;20241226;1400;PENDIENTE
1720000130;1022;20240112;0930;PENDIENTE
1720000183;1072;20241003;0830;PENDIENTE
1720000056;1081;20250617;1430;PENDIENTE
1720000104;1043;20250416;1430;PENDIENTE
1720000073;1048;20240222;0930;CANCELADA
1720000195;1063;20250319;0830;PENDIENTE
1720000141;1094;20250602;0900;CANCELADA
1720000040;1049;20241204;1600;PENDIENTE
1720000163;1035;20240527;1000;PENDIENTE
1720000051;1012;20250128;1200;PENDIENTE
1720000011;1006;20241106;0800;CANCELADA
1720000050;1054;20240717;1530;PENDIENTE
1720000039;1055;20250714;1200;CANCELADA
1720000054;1001;20240308;1030;CANCELADA
1720000068;1094;20250509;0900;PENDIENTE
1720000043;1087;20250520;0930;PENDIENTE
1720000118;1044;20250116;1630;CANCELADA
1720000067;1074;20250725;1400;PENDIENTE
1720000084;1068;20240608;1200;PENDIENTE
1720000200;1032;20240819;0800;PENDIENTE
1720000070;1043;20250605;1230;PENDIENTE
1720000186;1052;20240222;1230;PENDIENTE
1720000066;1014;20240531;1130;PENDIENTE
1720000057;1032;20250420;1000;CANCELADA
1720000179;1070;20250601;1430;PENDIENTE
1720000103;1054;20241205;1230;PENDIENTE
1720000042;1080;20250507;0900;PENDIENTE
1720000015;1056;20250219;1530;PENDIENTE
1720000122;1004;20241207;1430;PENDIENTE
1720000061;1063;20250518;1500;PENDIENTE
1720000104;1056;20240828;1230;PENDIENTE
1720000043;1044;20240612;1400;PENDIENTE
1720000022;1013;20240325;0900;PENDIENTE
1720000003;1020;20250707;1530;PENDIENTE
1720000024;1090;20240604;0830;PENDIENTE
1720000046;1005;20240516;1230;CANCELADA
1720000094;1087;20241231;0900;PENDIENTE
1720000080;1043;20240412;0830;CANCELADA
1720000022;1006;20240101;1100;PENDIENTE
1720000101;1063;20240420;1200;PENDIENTE
1720000158;1068;20240314;1230;PENDIENTE
1720000119;1078;20240923;1030;PENDIENTE
1720000180;1066;20240408;1630;PENDIENTE
1720000177;1037;20240202;1500;CANCELADA
1720000171;1021;20250429;1600;PENDIENTE
1720000131;1040;20241027;1500;PENDIENTE
1720000061;1040;20241130;1100;PENDIENTE
1720000039;1091;20240607;0830;PENDIENTE
1720000151;1016;20240531;0930;CANCELADA
1720000033;1020;20240316;1230;PENDIENTE
1720000177;1041;20240901;1630;PENDIENTE
1720000032;1083;20250719;1230;CANCELADA
1720000054;1061;20240204;1430;PENDIENTE
1720000050;1045;20240308;0830;PENDIENTE
1720000065;1050;20240710;1630;PENDIENTE
1720000102;1091;20241127;1600;PENDIENTE
1720000084;1096;20250308;1400;CANCELADA
1720000193;1073;20240707;0800;CANCELADA
1720000043;1033;20250301;0900;PENDIENTE
1720000086;1019;20240213;1000;PENDIENTE
1720000155;1064;20241011;1100;PENDIENTE
1720000107;1005;20240110;1430;PENDIENTE
1720000158;1048;20241211;0800;PENDIENTE
1720000198;1065;20240725;1100;PENDIENTE
1720000175;1085;20250601;1200;PENDIENTE
1720000136;1076;20240720;1530;PENDIENTE
1720000188;1006;20250410;1230;PENDIENTE
1720000194;1059;20240215;1230;PENDIENTE
1720000105;1076;20240305;1630;PENDIENTE
1720000107;1060;20240824;1400;PENDIENTE
1720000058;1058;20240928;1230;CANCELADA
1720000010;1030;20240917;1500;PENDIENTE
1720000136;1030;20240211;1130;CANCELADA
1720000116;1031;20250210;0800;PENDIENTE
1720000020;1036;20250702;1530;PENDIENTE
1720000188;1099;20241109;0830;PENDIENTE
1720000149;1028;20250630;1230;PENDIENTE
1720000061;1050;20250728;1400;PENDIENTE
1720000168;1026;20240115;1530;PENDIENTE
1720000166;1032;20250506;0800;PENDIENTE
1720000192;1094;20240921;1030;PENDIENTE
1720000172;1033;20250301;1030;CANCELADA
1720000053;1094;20240616;1430;PENDIENTE
1720000074;1040;20250709;0900;PENDIENTE
1720000040;1016;20240104;1130;PENDIENTE
1720000198;1098;20241003;1030;PENDIENTE
1720000116;1044;20240504;1600;PENDIENTE
1720000124;1086;20241011;0900;PENDIENTE
1720000024;1046;20240629;1500;PENDIENTE
1720000140;1033;20240119;0900;CANCELADA
1720000042;1019;20241216;1030;PENDIENTE
1720000177;1069;20240717;1630;CANCELADA
1720000194;1081;20241225;0800;PENDIENTE
1720000100;1097;20250318;0930;PENDIENTE
1720000199;1052;20240805;1030;PENDIENTE
1720000164;1062;20240309;1130;PENDIENTE
1720000200;1064;20250724;1600;PENDIENTE
1720000165;1048;20240722;0830;PENDIENTE
1720000049;1001;20241229;0800;CANCELADA
1720000096;1084;20241212;1530;PENDIENTE
1720000002;1041;20250419;0900;PENDIENTE
1720000025;1077;20250617;0930;PENDIENTE
1720000122;1064;20250720;1400;PENDIENTE
1720000009;1082;20241120;1130;PENDIENTE
1720000109;1038;20240209;0930;PENDIENTE
1720000077;1086;20240520;1200;PENDIENTE
1720000040;1036;20241214;1530;CANCELADA
1720000136;1047;20240317;1630;PENDIENTE
1720000077;1053;20240124;0800;CANCELADA
1720000084;1024;20240405;1000;CANCELADA
1720000155;1077;20240412;1430;PENDIENTE
1720000068;1099;20241207;1400;CANCELADA
1720000047;1074;20240805;0900;PENDIENTE
1720000071;1040;20250717;0900;PENDIENTE
1720000141;1074;20250713;1230;CANCELADA
1720000169;1039;20240412;1500;PENDIENTE
1720000011;1040;20250306;0900;PENDIENTE
1720000069;1095;20240223;1000;PENDIENTE
1720000151;1001;20240419;1630;PENDIENTE
1720000093;1052;20250708;0930;PENDIENTE
1720000152;1072;20240910;0900;PENDIENTE
1720000048;1084;20240416;0800;PENDIENTE
1720000187;1091;20240509;1030;PENDIENTE
1720000175;1066;20240901;1530;PENDIENTE
1720000134;1035;20240711;1630;PENDIENTE
1720000016;1056;20240804;1500;PENDIENTE
1720000136;1038;20241218;1000;PENDIENTE
1720000152;1053;20241021;1200;PENDIENTE
1720000032;1091;20250306;1200;PENDIENTE
1720000128;1001;20240427;1500;PENDIENTE
1720000192;1033;20240511;1030;PENDIENTE
1720000149;1016;20240911;1000;PENDIENTE
1720000060;1032;20240217;0900;PENDIENTE
1720000035;1028;20241010;0930;PENDIENTE
1720000167;1027;20240423;0800;PENDIENTE
1720000088;1027;20250402;1000;PENDIENTE
1720000166;1016;20250112;1400;CANCELADA
1720000097;1085;20250615;1200;PENDIENTE
1720000052;1082;20240529;1100;PENDIENTE
1720000049;1086;20240905;1630;PENDIENTE
1720000071;1056;20240220;1200;PENDIENTE
1720000119;1021;20240303;0830;PENDIENTE
1720000135;1038;20240727;1530;PENDIENTE
1720000074;1019;20241017;1200;PENDIENTE
1720000197;1002;20250429;0900;PENDIENTE
1720000090;1039;20240817;1600;PENDIENTE
1720000071;1062;20250203;1200;PENDIENTE
1720000057;1057;20240516;0800;PENDIENTE
1720000166;1063;20250128;1130;CANCELADA
1720000142;1066;20240528;0930;PENDIENTE
1720000095;1067;20240917;0930;PENDIENTE
1720000169;1067;20241113;1500;PENDIENTE
1720000146;1014;20240904;1230;PENDIENTE
1720000063;1097;20250723;1030;PENDIENTE
1720000136;1001;20240601;0800;PENDIENTE
1720000177;1099;20250721;1530;PENDIENTE
1720000001;1062;20240717;1030;PENDIENTE
1720000079;1093;20250311;1200;PENDIENTE
1720000070;1076;20240723;1500;PENDIENTE
1720000155;1073;20250731;1430;PENDIENTE
1720000121;1080;20240719;1130;PENDIENTE
1720000087;1046;20250427;1130;PENDIENTE
1720000127;1030;20250317;0800;PENDIENTE
1720000027;1073;20240520;1130;PENDIENTE
1720000012;1027;20250423;1530;PENDIENTE
1720000190;1010;20240415;1600;PENDIENTE
1720000057;1095;20240807;1100;PENDIENTE
1720000010;1033;20240112;1530;PENDIENTE
1720000072;1083;20250405;1100;PENDIENTE
1720000061;1079;20240501;0900;PENDIENTE
1720000154;1069;20240903;0830;PENDIENTE
1720000071;1070;20240620;0800;CANCELADA
1720000126;1028;20250225;1400;PENDIENTE
1720000129;1075;20240822;1200;PENDIENTE
1720000179;1045;20241231;1600;PENDIENTE
1720000043;1004;20240409;0800;PENDIENTE
1720000050;1023;20240609;1130;PENDIENTE
1720000188;1023;20240719;1100;PENDIENTE
1720000076;1059;20240303;1600;PENDIENTE
1720000035;1005;20240430;1100;PENDIENTE
1720000194;1098;20241102;1530;PENDIENTE
1720000017;1021;20250430;1500;PENDIENTE
1720000096;1005;20250629;1030;PENDIENTE
1720000108;1014;20240327;1030;PENDIENTE
1720000040;1054;20240421;1530;PENDIENTE
1720000043;1035;20250616;1400;CANCELADA
1720000041;1077;20250629;1100;CANCELADA
1720000109;1023;20250331;1200;PENDIENTE
1720000156;1028;20240121;1100;PENDIENTE
1720000097;1099;20250702;1600;CANCELADA
1720000149;1015;20240509;0830;PENDIENTE
1720000180;1069;20240425;1630;PENDIENTE
1720000167;1075;20240518;0830;PENDIENTE
1720000138;1030;20240509;1130;CANCELADA
1720000131;1078;20250710;0900;PENDIENTE
1720000142;1011;20241213;0900;PENDIENTE
1720000086;1071;20240519;1030;PENDIENTE
1720000126;1027;20240523;1130;PENDIENTE
1720000023;1067;20240531;1600;PENDIENTE
1720000185;1082;20250713;0900;PENDIENTE
1720000083;1059;20240617;1200;CANCELADA
1720000087;1004;20240203;0800;PENDIENTE
1720000199;1086;20240125;0800;PENDIENTE
1720000043;1097;20240324;0900;PENDIENTE
1720000124;1013;20250325;1430;PENDIENTE
1720000162;1096;20240127;1000;CANCELADA
1720000081;1049;20240427;1230;PENDIENTE
1720000067;1021;20240328;1000;PENDIENTE
1720000148;1070;20250503;1230;PENDIENTE
1720000197;1010;20240603;1030;PENDIENTE
1720000074;1065;20240213;1400;PENDIENTE
1720000011;1065;20250321;1600;PENDIENTE
1720000154;1007;20240103;1200;CANCELADA
1720000097;1045;20241215;0900;PENDIENTE
1720000133;1036;20250626;1000;PENDIENTE
1720000145;1016;20240829;1530;PENDIENTE
1720000069;1066;20240821;1400;PENDIENTE
1720000013;1047;20241113;1030;PENDIENTE
1720000097;1094;20240212;0830;PENDIENTE
1720000014;1053;20240731;1130;PENDIENTE
1720000158;1072;20250416;1430;PENDIENTE
1720000005;1099;20250622;1030;PENDIENTE
1720000016;1035;20240218;0930;CANCELADA
1720000065;1068;20240507;0800;PENDIENTE
1720000188;1034;20240630;1630;PENDIENTE
1720000064;1067;20240717;1500;PENDIENTE
1720000049;1068;20240306;1500;PENDIENTE
1720000040;1087;20240308;1000;PENDIENTE
1720000159;1087;20241029;1030;PENDIENTE
1720000166;1086;20241110;1530;PENDIENTE
1720000006;1032;20250305;1000;PENDIENTE
1720000186;1068;20250317;1100;PENDIENTE
1720000200;1033;20240325;1600;CANCELADA
1720000100;1038;20250203;1030;PENDIENTE
1720000193;1048;20241024;0830;PENDIENTE
1720000059;1093;20250112;1400;PENDIENTE
1720000048;1038;20240715;0800;PENDIENTE
1720000121;1049;20241111;1530;PENDIENTE
1720000075;1066;20250627;0800;PENDIENTE
1720000188;1014;20250112;1130;PENDIENTE
1720000129;1067;20240701;1200;PENDIENTE
1720000035;1060;20240304;1400;PENDIENTE
1720000176;1082;20240228;1230;PENDIENTE
1720000056;1027;20241229;1100;PENDIENTE
1720000066;1076;20241118;0930;PENDIENTE
1720000057;1019;20240414;0900;PENDIENTE
1720000154;1059;20250622;1600;PENDIENTE
1720000032;1070;20240219;1100;PENDIENTE
1720000024;1081;20240721;1630;PENDIENTE
1720000104;1083;20241126;1130;PENDIENTE
1720000105;1005;20240319;0900;CANCELADA
1720000157;1098;20250601;1630;PENDIENTE
1720000084;1050;20240407;1600;CANCELADA
1720000105;1100;20250719;0800;PENDIENTE
1720000048;1027;20240128;0800;PENDIENTE
1720000086;1100;20250228;0930;PENDIENTE
1720000153;1068;20240114;1130;PENDIENTE
1720000086;1061;20250524;1200;PENDIENTE
1720000153;1016;20250301;0800;CANCELADA
1720000175;1028;20250205;1430;PENDIENTE
1720000089;1018;20240229;0900;PENDIENTE
1720000019;1016;20250622;1230;PENDIENTE
1720000075;1029;20240824;1500;PENDIENTE
1720000088;1004;20240522;1530;PENDIENTE
1720000186;1021;20240808;1000;PENDIENTE
1720000116;1036;20241209;1400;PENDIENTE
1720000024;1033;20240207;1230;PENDIENTE
1720000138;1053;20240213;1430;PENDIENTE
1720000200;1044;20240831;1630;CANCELADA
1720000110;1056;20240217;0930;PENDIENTE
1720000033;1055;20240119;0830;CANCELADA
1720000015;1067;20240727;1430;PENDIENTE
1720000156;1012;20240128;1500;PENDIENTE
1720000117;1010;20241124;1100;PENDIENTE
1720000045;1099;20240811;1200;CANCELADA
1720000092;1007;20250316;1030;PENDIENTE
1720000028;1063;20250511;1530;PENDIENTE
